id,price
0,2968.5346263235147
1,5400.379797894835
2,9148.970701248629
3,4141.0266277076735
4,1700.1233323748008
5,6328.217419796217
6,4889.691481147107
7,4339.00845794696
8,5096.967941643971
9,15839.261865666202
10,4300.002272325124
11,859.39751072283
12,3287.420216551029
13,1621.9681024982672
14,2442.0300932215537
15,1106.0087690316082
16,1498.1377683087676
17,4019.3597505700973
18,4175.166679570247
19,870.4759518825525
20,2231.5669395492455
21,5192.097947904581
22,4159.591748548845
23,631.4388676749462
24,16648.77140410431
25,1064.5913567172845
26,586.9686367852971
27,966.4693732634635
28,1674.7699114786265
29,907.4505335655256
30,10471.065851900154
31,559.366925761079
32,4061.6178058756727
33,734.1551709070486
34,617.0195224513269
35,2323.5104537655925
36,6426.891739890058
37,2779.914574032738
38,2899.5579436966154
39,711.3416003850882
40,507.1714673362017
41,9049.889410760361
42,908.5433350513313
43,1924.3702101079525
44,10458.868789961467
45,2499.7145465159583
46,903.2288719617068
47,865.887316905099
48,1213.8313973559796
49,2866.3195055778224
50,601.9135577979521
51,4624.579182158864
52,2879.6290383422306
53,7043.180489031564
54,5481.421156379347
55,2193.960896595801
56,8954.289855030138
57,2520.9986352634796
58,4444.754873546482
59,2935.1262348986916
60,1233.8994152551275
61,507.7544944612871
62,6944.179152182571
63,1186.9472304128653
64,8850.985852243426
65,17615.38733852116
66,832.010777369538
67,12190.583559992408
68,5256.0694680648285
69,9044.50614746982
70,498.3655076333332
71,708.2978170139503
72,905.2479852952
73,1272.6346101747808
74,5257.206268244788
75,1876.0201930366954
76,8745.543564537582
77,14093.905993477953
78,2810.304657854742
79,6615.353390570735
80,11038.162987064601
81,2019.4544067647414
82,13454.05850661008
83,6437.828224251363
84,830.8591489660442
85,8141.744475936543
86,1007.2678683753006
87,12266.141203663294
88,7893.283183157055
89,14770.977193319086
90,4785.887060991083
91,1335.0023485121717
92,994.7629131311978
93,784.4389546854101
94,17492.734375
95,515.3556663682674
96,14180.564014425747
97,15267.952154485347
98,12942.811373409688
99,732.2205806620998
100,2559.1932137472077
101,734.7200627116017
102,605.3406517736163
103,471.3644852396155
104,1030.6828751010507
105,1646.191702656804
106,1314.0606019578388
107,782.292867660044
108,1090.0075561268927
109,703.3348320189697
110,732.3202574991403
111,968.4350398812443
112,1915.7744992868245
113,1675.58888710783
114,1479.9448444429968
115,5132.344585758438
116,5192.146535603727
117,16120.585966383593
118,485.7161576831458
119,16927.023978261845
120,1315.2563084850635
121,1687.7748267962709
122,1118.1806434186665
123,494.90826486874334
124,713.4831470029112
125,1271.5581045749375
126,1138.660612226643
127,13222.766830984083
128,5308.499891496504
129,5250.022045996773
130,6312.334367218688
131,3581.46959895154
132,6736.402158204431
133,1031.1797526613134
134,4035.24714735717
135,1022.27636813017
136,634.7199977737149
137,7322.837982205954
138,592.6915876708507
139,4373.805011632988
140,848.7375169836956
141,1019.6531203482825
142,3666.162483539729
143,3347.349940226776
144,708.7528643813882
145,6387.593756442847
146,17042.207351661636
147,5188.826236027536
148,2556.4277667563456
149,1815.7355560721578
150,2552.985416666667
151,1670.5830747575835
152,11856.627943112995
153,2845.7899496533064
154,661.5141382188723
155,14849.530485917727
156,3765.0354081870314
157,2854.224743123675
158,4001.035510557467
159,885.5265787287041
160,7517.580041077416
161,9428.498667186712
162,662.6924130384364
163,675.3667629500836
164,5420.868355854588
165,11403.800921274737
166,3336.4284496043956
167,4630.969878763874
168,3457.5582364341285
169,11768.899664015998
170,768.3669890677215
171,1676.8424850723834
172,4508.0835144094
173,2007.769998635195
174,6396.381285391231
175,1766.3612420186269
176,4306.844743826671
177,3527.2148606448104
178,2644.3095604436203
179,3460.0892234063485
180,3485.807779664797
181,1870.4589774806777
182,931.3089017202079
183,1680.49588696334
184,744.4504161714478
185,4072.9411063332077
186,888.9394497381231
187,878.5080403460677
188,511.59000294147853
189,1849.0476187386537
190,2267.124734590522
191,738.7539226200062
192,825.4329709592458
193,6403.167527043756
194,3772.464013685508
195,2612.6141530569107
196,672.0213460186493
197,13060.884864463851
198,597.947638754854
199,8995.531593596961
200,10690.112785110274
201,6423.657706630732
202,692.3319876299404
203,751.9392070852059
204,6443.703252971838
205,3572.4916431591128
206,704.7541493782059
207,3065.984002120664
208,942.2512861472184
209,8572.200342715989
210,2730.7217435953717
211,7162.199305426749
212,11293.258539044717
213,401.83185002168193
214,1253.4598490544588
215,896.085735545801
216,2635.3784490214202
217,2652.2524072665215
218,983.1891932623388
219,1165.9005296177231
220,2589.5982049192326
221,2126.477179781992
222,9109.953561771581
223,986.2861520150554
224,1202.1535287771228
225,4554.901595102818
226,3343.77145516626
227,1951.1116905917133
228,6610.065200111957
229,1905.1205571022233
230,5121.807691162171
231,1494.5960969112482
232,1273.1033708504037
233,1579.8515879309107
234,894.8131376712095
235,8296.962036517136
236,1202.329268258067
237,971.433942692264
238,4076.8341755982806
239,8273.276373583923
240,5822.261755487097
241,888.9570482405588
242,15547.317812341067
243,4498.685116838362
244,459.8337658401283
245,1024.8855474531065
246,2443.908277821261
247,7605.4467030394035
248,10663.195921825878
249,5837.816320426323
250,5243.037481524338
251,1530.2059542953787
252,2782.066147102473
253,4802.393289679037
254,5207.921376117624
255,1266.2878999317463
256,709.1409962885153
257,1951.8395995997298
258,850.250159119812
259,14601.527100649168
260,6464.102044251402
261,4816.6564873547595
262,1767.4585372794488
263,3682.6407108188982
264,718.9517359011968
265,2306.085736534767
266,8857.17314453125
267,1746.797333612957
268,1315.9939733613307
269,8883.65462771658
270,7637.97207969756
271,797.5074182547186
272,4404.333568327869
273,5246.805848196358
274,532.4741049743072
275,922.5012691954714
276,6161.66735899017
277,543.4709874334924
278,6511.739465905425
279,8334.518546013705
280,1648.3605434985013
281,2708.1889345804666
282,4061.2313479669933
283,9238.74163452907
284,9018.45662516231
285,11005.296778420083
286,5173.200013228553
287,16127.633314599947
288,1684.490881039471
289,5761.533127528714
290,440.579260102647
291,8384.160609877783
292,17104.833903712508
293,847.5106441061001
294,7563.156299176083
295,1758.3786810679453
296,2253.4336822560267
297,723.7986139009478
298,473.00801892058183
299,5651.615737827971
300,2104.773763020833
301,1203.245071780128
302,3499.467205241393
303,5544.86573484781
304,5879.815695705607
305,8666.89375887535
306,1040.634343208057
307,1031.9550114665485
308,1741.1849500203446
309,2132.5932525640287
310,1776.44821426828
311,508.15933094952015
312,7252.859255766071
313,5200.926946511591
314,2436.5145953940983
315,10247.683117787281
316,694.4078200032709
317,1037.7888971441523
318,867.4010766537817
319,8242.797787589921
320,4880.388970826831
321,519.9471619594535
322,460.77641146432376
323,507.49489063529364
324,957.5708412065915
325,5566.966525704092
326,1701.2538415177382
327,1829.8510444296014
328,6424.6704260500055
329,704.9725621275148
330,17365.13705552754
331,2362.9095331474196
332,800.6668491684043
333,8594.527150627455
334,3246.010063880973
335,1806.5576628033887
336,15552.566656357483
337,856.4291956314453
338,909.0051899793203
339,6167.044751296183
340,691.4506864302305
341,1651.3368119291579
342,708.4020314722767
343,4287.608985023067
344,4312.038465017406
345,1807.0996580972105
346,696.3098761671845
347,2608.1779094975054
348,4896.246488113318
349,809.6056384213948
350,3261.1855898365607
351,484.54947936258776
352,2815.1883863669545
353,1971.892940369213
354,631.5980235976042
355,1468.570537361101
356,754.3309758880802
357,11428.672889590649
358,1510.5421935795614
359,514.4310759314557
360,987.4002292487046
361,8220.585436256702
362,572.880876422221
363,9046.91328959095
364,3610.183613585039
365,713.7235613861355
366,710.239014180932
367,4682.304938021779
368,1755.5302587137926
369,708.8920624704311
370,607.5586758311817
371,704.4863961580038
372,6256.2158203125
373,1021.3561578146357
374,413.7306261975409
375,797.8915104052667
376,724.4913209073948
377,4201.280658154155
378,2728.3993684182765
379,648.6441447286669
380,4640.0921794663955
381,497.9846225804061
382,723.7618258996145
383,9261.384079398113
384,1166.1153259234748
385,876.7253311155582
386,16423.884855360575
387,12412.211543488162
388,834.7322771061654
389,799.9030093753876
390,2636.948686140256
391,913.0584833732759
392,8839.911851871533
393,589.661039091117
394,2052.715091765523
395,4655.519058689157
396,858.7479357321224
397,2065.881058168364
398,1033.2571341112991
399,2268.3872460452044
400,5155.49494109995
401,621.2865125293758
402,2578.389024720808
403,9919.528922217743
404,1240.0541441152093
405,1094.361105177309
406,485.1718698860439
407,16973.20766281029
408,2123.7842669198963
409,5814.271543072807
410,833.7652618749328
411,718.626812540288
412,4517.828583998789
413,1426.5500995719406
414,7328.512150380822
415,904.2020924343345
416,1382.4962695263691
417,7814.543578107485
418,385.10314155469695
419,4950.07933117153
420,13703.812600995374
421,4627.322762329178
422,4855.132030858381
423,878.7370462550191
424,1219.4884794770712
425,473.2840191520829
426,778.3186798722812
427,14262.105504758938
428,1701.9519056997292
429,7684.0540316724755
430,5182.481260859932
431,16708.966353684416
432,2159.1148570902465
433,3054.2449045028297
434,605.3904612889997
435,3157.3943398210367
436,2469.532155245772
437,1123.3901552425325
438,7291.967846464509
439,611.5573581972374
440,3467.7726326690477
441,1562.8035264198886
442,855.5625858420086
443,594.7345550519306
444,1032.1859237767062
445,1079.3691744184403
446,2264.8201258861327
447,5854.668550813221
448,821.1709664544192
449,2350.991672365033
450,738.5063850111341
451,1148.5101704879778
452,7030.489676272996
453,6146.477651332984
454,2967.5040180235333
455,4063.5355127627317
456,1093.190222740435
457,11975.276894411278
458,4016.45887090663
459,5062.2739022392425
460,12696.245359125114
461,514.0971260258652
462,756.911311323936
463,605.0923885251078
464,868.1552170656374
465,4200.414821416366
466,832.4211979842611
467,4232.255213666472
468,4618.193985098848
469,1291.0499810084552
470,2547.8383245112013
471,2306.6402274557436
472,2337.4081407162753
473,6790.776031224354
474,1336.702633924715
475,1106.2099147988838
476,16498.55031578929
477,5517.680851470261
478,2682.05983301301
479,11420.20144283931
480,807.0831031886684
481,5659.67876661527
482,11218.975340151346
483,15002.96239902144
484,1232.893948727787
485,4218.410306590091
486,12279.474674625397
487,3110.32683804933
488,2479.445026188142
489,1938.8633033570338
490,580.4224801814323
491,774.9588564504295
492,4631.79349225348
493,9215.257013124094
494,2354.839098831871
495,898.4432061674831
496,2195.1943439280926
497,5409.703222465053
498,1744.7882174175481
499,4204.881618199643
500,10382.045410747412
501,721.812601259749
502,9156.001342008894
503,1434.2376472960407
504,499.18110381732873
505,4374.686741560664
506,621.4904460675995
507,3547.8968628812568
508,1724.9414688591146
509,1088.6152985937026
510,1487.8710054275575
511,640.9329245712339
512,1005.031584644499
513,3895.1130309523096
514,3105.0670413398216
515,14853.783713694385
516,4555.885221616126
517,7149.269497854528
518,1167.067169526672
519,1950.8056399761927
520,5592.405771379631
521,2053.9457810288545
522,776.4661172057107
523,6415.386596513937
524,9267.705319570689
525,1787.6208270610507
526,1329.7081615578816
527,2314.517458453489
528,4956.796526175578
529,4793.90644834725
530,2629.181682984499
531,2939.544000905659
532,2956.8530162649886
533,7235.643764287686
534,2604.492528633293
535,15953.066781459582
536,15304.788543160017
537,4682.3572844028995
538,1985.5253707145778
539,2037.2608035127416
540,10735.090950548512
541,10807.362639839312
542,707.3819278706806
543,15910.980005226158
544,551.1775884768178
545,7498.608737043924
546,9704.424497614147
547,1929.864750677264
548,1018.6379585927259
549,7232.352270718462
550,547.1853867818578
551,993.0259825465489
552,6686.510333962715
553,1671.9427930560535
554,2480.8138696717383
555,15134.203682844198
556,4763.396816444694
557,9497.297791766274
558,1430.772558327298
559,3089.532783416672
560,743.057214466947
561,2475.8920861040474
562,687.6180706180158
563,4203.092645958362
564,5549.147579340218
565,2279.1317534980303
566,2500.0463692319495
567,2130.410154501569
568,5780.131740511096
569,1798.904974834227
570,1299.581468212629
571,4360.879254183604
572,16306.031083938033
573,15675.352553006098
574,5257.0016651816995
575,623.5655158974711
576,4468.294063708453
577,1152.8292427296242
578,641.1746722360957
579,3493.7307527670273
580,2115.040509711177
581,893.5439660873357
582,962.7937994997519
583,541.3808546967879
584,8202.479324378302
585,1710.805048044473
586,937.4258463541667
587,896.9211519574638
588,2655.3478100004636
589,3565.4351368051543
590,1798.9454086947535
591,514.0675980515739
592,841.5562917572657
593,562.7510548575548
594,8922.377682525832
595,1245.6962999756088
596,14510.371668668235
597,943.3786736480209
598,1191.737094882344
599,3249.270588578159
600,2330.367270860273
601,8411.593173741227
602,2428.064957883536
603,9951.75165791434
604,516.3612015685302
605,1166.7390329122004
606,883.08444278673
607,5467.1384033000895
608,2294.0564447078864
609,680.779252133473
610,1685.1084175925096
611,900.7554346116874
612,3600.739567830887
613,3117.9996339167255
614,896.5162450749052
615,478.0394169255633
616,745.6832526730205
617,3498.9221318705795
618,14829.074030251079
619,11207.811551807463
620,908.0125472216911
621,667.9482021384798
622,875.1797318011669
623,2383.250133053362
624,4623.533556534066
625,16113.310691277711
626,1090.6474809483868
627,796.4254140109127
628,1720.6813954476943
629,3807.9143403175244
630,2689.298447574288
631,10672.490583702413
632,1210.550700445188
633,1159.1062194916012
634,3977.0498968080756
635,7694.247711660017
636,4281.40776235606
637,1037.6166644111179
638,13371.095024990957
639,4708.816206138016
640,6885.190053007683
641,554.4126160332958
642,846.4127201271108
643,4831.081180781061
644,1070.7984664749858
645,739.875685511425
646,1899.528953918546
647,1735.4697563136285
648,4992.819368084072
649,1899.715320018048
650,3528.6299728204513
651,15721.18022071574
652,1319.3242391238455
653,1849.4782622861435
654,977.5149546215147
655,16912.809415573214
656,2597.148849746776
657,1170.0207059451889
658,893.7852563153916
659,1007.1535180292369
660,3068.9391036958764
661,1050.3383704954874
662,4390.51719073018
663,629.8508236761321
664,397.23661918560884
665,949.1197836939757
666,5566.294369308872
667,3448.565432583119
668,17395.256852518367
669,14229.780523960108
670,1901.3979185920425
671,15690.783245100285
672,1292.1223474532926
673,3204.759741341291
674,1009.2553370889157
675,6593.895438547873
676,3773.810344365663
677,1625.1225224686166
678,1167.5943724776234
679,1297.855952609866
680,638.5088747991099
681,8678.37492550684
682,1939.8098992177866
683,1300.581040553703
684,4408.596504387341
685,650.9694368552313
686,1460.3362997982792
687,2605.204024598174
688,728.4340323351736
689,16133.093555790767
690,2820.5127547586753
691,735.9962175032
692,965.4744047265285
693,8200.807408728597
694,5714.553047874181
695,11566.564037850101
696,703.0623569644703
697,3334.036091746682
698,560.15243491977
699,1091.933952498074
700,1022.9117472900051
701,2700.022104139965
702,786.496007715433
703,2354.690191115897
704,4175.9533066104705
705,782.9307590900756
706,440.52145001884475
707,5380.895720049121
708,980.7148069555828
709,690.7445492793189
710,6489.766758690669
711,4988.991247267622
712,756.0189098732225
713,839.9937902851829
714,529.3449269462377
715,662.1805448872658
716,1285.2951283055615
717,5864.820437175143
718,15432.883622681551
719,8589.562102483034
720,12464.541376311503
721,4386.412151431621
722,559.1511518389578
723,2278.6304114199324
724,2834.905305540899
725,4917.612912863248
726,1002.3654057555915
727,631.0703280965195
728,1550.0667649702746
729,10570.0963895021
730,12728.036468457083
731,1935.114170631557
732,779.0694229110688
733,4355.875850487541
734,4942.1745270559595
735,10572.960031439181
736,7270.780033244686
737,1890.6602252779644
738,648.4517041782073
739,4837.531276176891
740,2575.735415975023
741,5893.683935819182
742,5076.58293587928
743,735.081591796875
744,11315.040402829642
745,16372.760961400785
746,891.6856357342461
747,1002.7170858995792
748,1669.484376092331
749,725.6128515881792
750,1223.0858201572912
751,1900.209438505173
752,5332.001276194549
753,3766.830826629583
754,775.2682190684804
755,3068.996936500588
756,9069.446114315222
757,1870.593140162665
758,2380.8515045401805
759,13565.857828229366
760,7985.531775589537
761,1379.4239545979897
762,1363.0229383148535
763,1867.8083530820534
764,4484.149922504763
765,1941.7485063027289
766,5671.157506626704
767,4299.956063891452
768,852.76692728791
769,669.2094080633402
770,5145.905294071831
771,637.0390285194567
772,964.6452566516945
773,498.0454882886302
774,4098.62284146376
775,4631.103212327374
776,986.1401772488787
777,1119.3729025699763
778,6461.2550020006165
779,6120.357012080097
780,6683.733786242946
781,5692.042077593061
782,624.9477098617087
783,4551.593783836975
784,763.9899383972861
785,1793.682416577502
786,630.6294573249892
787,4565.646903700827
788,1704.6583834587295
789,582.4858744266738
790,4371.862852040798
791,850.1107918246671
792,4715.304123008334
793,511.10456841117394
794,1351.3927716758742
795,5309.9986588869515
796,2832.1814949855752
797,6400.664130253161
798,13896.7134231737
799,595.34754400579
800,658.9669211423945
801,1525.0822720792894
802,717.6238559518694
803,13396.438611422423
804,817.9224044644081
805,1398.0861580061512
806,1894.231967533686
807,1908.621513754914
808,712.6120116269246
809,584.1926964238701
810,686.6341427048374
811,4259.698845794474
812,612.2454121460052
813,1795.576132261417
814,995.6843597398544
815,6219.775565178049
816,5043.668968510517
817,5605.278535711675
818,1990.6395460354431
819,594.4924881644434
820,4973.600521493655
821,1640.8972890216285
822,4311.037422163126
823,3713.4499857452993
824,637.2653596612845
825,1365.483452280848
826,725.1550780356004
827,1664.184850382979
828,5656.483044250848
829,3151.4741056420453
830,2574.496098852439
831,4291.610677801492
832,516.205461083964
833,2272.6001391883087
834,5223.760726890029
835,10624.36122018515
836,516.145609878233
837,5289.6045409673
838,1607.403219943795
839,7310.740364966668
840,1245.7673827611375
841,2300.175904767553
842,629.2081890912884
843,1856.5946046269294
844,2847.4271375868057
845,9235.797786382429
846,922.443646691005
847,1927.2191890985173
848,15072.63481951767
849,697.8432151086316
850,1425.2626773744912
851,8415.809502190707
852,1086.5856800468912
853,418.69436979636015
854,5331.448111979167
855,2301.1800807378672
856,1948.0334462653257
857,1849.639712613491
858,1345.6257809039787
859,6449.960988812913
860,12792.367005623491
861,1776.8277624940845
862,2198.9708669373476
863,695.1290630916883
864,791.028764490946
865,731.2871668367302
866,2385.2478059853925
867,724.1629703671489
868,10667.716592302791
869,2133.4144232529375
870,2415.4057394635665
871,1050.7534318561034
872,14928.059283375813
873,2204.115086432054
874,911.0337538660569
875,1376.1537936705658
876,1110.397701121889
877,786.9790315015213
878,1902.742137900237
879,9381.159486631244
880,2724.9442940708022
881,4280.751530945107
882,5665.002308718926
883,774.8184310683753
884,2828.090932011556
885,5542.692264352299
886,855.4203001559559
887,431.39045627647323
888,638.5525058870763
889,1099.450885725523
890,7402.152113109316
891,690.7711987930842
892,2810.586925067068
893,1029.8378461944003
894,4669.043155716025
895,724.4079287409344
896,3676.571941649734
897,870.1129843538075
898,557.7098684288499
899,3655.86780692103
900,4405.182350308326
901,838.2596129215618
902,4943.80388527302
903,618.7930293059821
904,842.5505613885339
905,988.3404349283552
906,2949.8768335747354
907,2261.8457166078338
908,4003.1267435783816
909,8790.106615925673
910,5398.112421527497
911,704.4590806460657
912,10364.482585183769
913,7496.275279445082
914,1759.5569308347108
915,9121.838278978732
916,9473.798838897863
917,14124.393645399383
918,7788.918191110266
919,651.7247276991038
920,940.2940745353258
921,3266.466726708789
922,3936.720475263617
923,536.2006174782937
924,16987.37556464343
925,4068.9812925598035
926,6228.766799910315
927,824.6337886072799
928,3019.4517414797087
929,866.6165929202442
930,3492.3650225777646
931,2948.4663023539015
932,785.6692691596862
933,4001.9332855705834
934,4388.657450480238
935,969.4801203920165
936,985.0327721196428
937,776.9746775784707
938,4103.306794022194
939,447.5932119329419
940,6375.3449888550085
941,3475.0139184640334
942,1696.1228245256566
943,601.4252993064317
944,605.1122879962621
945,4150.86615890313
946,835.6819840663485
947,832.8584606307678
948,10047.404560125031
949,9077.354060069178
950,714.9059990992985
951,413.4183915435053
952,2741.4173931513333
953,698.262017288513
954,755.4083514244508
955,6809.79000247621
956,4653.189356244903
957,8805.892923039552
958,2314.2718424159225
959,962.8356098765878
960,1752.9661173467484
961,7493.747151156243
962,727.040138580613
963,2300.301895562138
964,1100.2554977130837
965,9684.092949754258
966,3178.9822018781488
967,5308.7941571347
968,6563.250829340255
969,5212.6699683221095
970,10844.532143424523
971,2820.224182261777
972,15049.57700733382
973,1014.7959840656919
974,4384.335795025677
975,955.1630598293749
976,1581.688909325175
977,5392.897327063529
978,1685.4234713911032
979,2080.0409285531387
980,8846.838351481085
981,469.5013710069775
982,1845.0810427800232
983,984.7698833585015
984,3126.82692232787
985,17094.731912903073
986,2530.6199565725487
987,1197.128090491606
988,1584.0610647102453
989,2220.350930598882
990,2544.9135300134317
991,2388.8213454850893
992,2271.4202941330846
993,738.3744884974247
994,4153.094286549196
995,1219.773408824477
996,651.9047643980931
997,836.5794152092856
998,738.421117746624
999,862.6126859068254
1000,4673.481052158124
1001,9334.51831731862
1002,1201.0402759200163
1003,1664.6594924743135
1004,2895.8677658182933
1005,686.5278543825891
1006,1228.6641892960859
1007,4117.405763438262
1008,540.034744679631
1009,2759.453718499434
1010,6442.740777084043
1011,940.0593186214804
1012,495.1396673254886
1013,6611.820445264861
1014,7717.690001069046
1015,641.7391123159355
1016,6884.969625355745
1017,863.9735505368969
1018,4374.029125482556
1019,4585.438599901599
1020,10344.34084743539
1021,2112.2643192561236
1022,1263.4310729765746
1023,1230.7832370890208
1024,814.7336053611093
1025,16594.04884291503
1026,889.9761695576432
1027,3566.2477362633113
1028,807.6828976380742
1029,1637.737961357193
1030,600.7664646816268
1031,634.4850539490151
1032,5072.636186799263
1033,3828.748307383527
1034,526.7199165794697
1035,1646.2619554295468
1036,691.2027032010952
1037,6442.3723106814305
1038,513.098536624515
1039,11068.43453391249
1040,9611.76990810175
1041,963.9837876410038
1042,10700.724297933551
1043,4123.624890862095
1044,14593.785688275799
1045,647.3231843399748
1046,5634.326946763877
1047,778.4047797396446
1048,713.7861422627614
1049,1415.8802205859517
1050,5909.790341634008
1051,3976.661495703967
1052,3671.0746100910414
1053,9618.130323495698
1054,10749.87604315726
1055,4805.09214883922
1056,15930.558962787425
1057,4941.421291940172
1058,1718.9451509507887
1059,10715.33763262472
1060,1945.669528046323
1061,1723.9137856473744
1062,6176.181934623509
1063,5067.444500446538
1064,1066.5514300393475
1065,13657.272620299713
1066,7312.670104863512
1067,707.1209169780727
1068,656.368085913673
1069,12083.086768573963
1070,795.527582837906
1071,7367.750174558146
1072,1323.6816512971113
1073,1357.9993748490833
1074,5622.31627669884
1075,1339.9678178397057
1076,511.59702020477243
1077,12426.174433095954
1078,949.0617206070156
1079,1514.1643875930765
1080,1703.8789582220058
1081,4892.445363207837
1082,14111.295847451745
1083,6175.924756716837
1084,715.6066136096922
1085,913.2786488547077
1086,13482.822261434572
1087,3604.1054782744604
1088,828.9625279110119
1089,15287.190997843843
1090,7598.590653261006
1091,6973.631905750859
1092,4151.634533750805
1093,460.621853306867
1094,4581.750303157076
1095,13425.900362986322
1096,541.8803939087538
1097,5259.281286664107
1098,529.0850735572614
1099,2691.340437629331
1100,925.1804453339655
1101,418.74098750186226
1102,898.0363903892387
1103,13378.250643887217
1104,1181.2418288452677
1105,609.8698405440158
1106,804.7387569143916
1107,2427.9537521886564
1108,1698.3312793082714
1109,3049.6723957198164
1110,1762.5801971586484
1111,14410.591413464403
1112,1977.5653762339368
1113,1972.1305909142325
1114,10801.695957902955
1115,517.7640913604113
1116,2351.0838327894494
1117,6178.771809406603
1118,2747.65075647231
1119,1851.3355622183647
1120,4656.498685616002
1121,3422.8767718398894
1122,1248.6725472438898
1123,1711.8309023026088
1124,794.7404843966483
1125,707.2947751388391
1126,4708.23046875
1127,1036.790475837623
1128,830.5658817209198
1129,17084.195510451973
1130,4400.624131819743
1131,4524.222032455678
1132,8055.447775191646
1133,2481.250882174938
1134,542.6215248619212
1135,596.1795889137346
1136,531.0894598600407
1137,872.3571112264402
1138,661.8220621377294
1139,1240.4863571018552
1140,858.0960391053679
1141,833.5523378231716
1142,1450.4422849728517
1143,4763.501674867266
1144,616.4617870703137
1145,2907.090104166667
1146,1826.5197227887552
1147,5354.557068063373
1148,8485.077816119017
1149,15775.924322464532
1150,799.2464884500389
1151,5764.291406296069
1152,6912.316868459573
1153,3958.7479992629414
1154,715.0586124888721
1155,9492.561857400291
1156,2942.170081134456
1157,2728.3499189312615
1158,708.4385518572217
1159,5719.581898898078
1160,8973.12456386171
1161,5145.928247253892
1162,1069.58665739793
1163,16336.675098638203
1164,666.0140245627978
1165,486.8533620074175
1166,7720.533984763359
1167,1216.4183695465622
1168,507.7016368349741
1169,1810.0239688059096
1170,1004.1271666061241
1171,6102.390574206788
1172,827.3287734734578
1173,791.0559560821406
1174,3489.8851803797334
1175,1335.2104740342065
1176,12127.377396031963
1177,624.7575731952649
1178,1013.2025285816705
1179,3790.151411454497
1180,1197.747050841008
1181,4005.9704956360824
1182,3184.804735327114
1183,695.2594864572793
1184,6236.045435249933
1185,954.26924512465
1186,637.2494595610027
1187,794.9244642895823
1188,632.5175094150767
1189,2098.0772604442864
1190,15282.364953876606
1191,506.0793484834827
1192,2090.6561979138014
1193,7367.875515094501
1194,5127.2063086825665
1195,2557.807765161072
1196,1119.921484607946
1197,15888.099297665625
1198,1103.5647060798535
1199,13661.622758956024
1200,1044.7396738283949
1201,5747.502708274948
1202,2546.8991128995685
1203,5342.6989948136115
1204,959.7898616372682
1205,5039.392025160198
1206,12384.390109768317
1207,8027.53715559614
1208,2544.9200186507223
1209,14506.340540315949
1210,11721.372809928878
1211,4916.227077132937
1212,806.6310456274977
1213,798.4343561283674
1214,7566.9503449876975
1215,6948.650147796692
1216,2507.3251953125
1217,1543.2658031895523
1218,1313.2081189501296
1219,6552.862721061329
1220,7921.813024323716
1221,446.0685689815789
1222,13216.898191696288
1223,872.8271818649624
1224,9417.926129372036
1225,4064.2295068274784
1226,623.5194414676088
1227,3884.8452881997564
1228,846.2127331286734
1229,642.7144705150022
1230,735.0376869314628
1231,3646.429785272921
1232,825.7136109316016
1233,2701.183528893189
1234,3412.875074247412
1235,3982.4798278666503
1236,2646.445238942428
1237,3281.86314760313
1238,9562.634173822677
1239,9096.644920744639
1240,1669.5480094415248
1241,473.9844934406365
1242,5268.853873314356
1243,669.1850337975417
1244,6005.1865234375
1245,5551.277726641247
1246,2129.3407369303172
1247,4050.2486624546113
1248,2962.433269605522
1249,531.6582831128632
1250,8258.401365352625
1251,11114.157748308578
1252,426.628391319444
1253,707.457782906015
1254,2289.5456188082653
1255,7795.912833892799
1256,1710.5111774031232
1257,882.5887665215372
1258,9477.460463670885
1259,630.3446698617049
1260,5359.402007740493
1261,839.5399567026905
1262,959.9501278227972
1263,2791.8845018168554
1264,1266.0275893017554
1265,1682.261418447164
1266,1243.728379562443
1267,8851.73666340606
1268,578.1176561603855
1269,6114.5377728711
1270,890.763087409763
1271,3953.0879058869214
1272,1352.9418926474702
1273,800.6671016973861
1274,785.2204587027094
1275,1042.8744455588353
1276,3229.60316068205
1277,3739.630253483146
1278,742.8661030324132
1279,995.0389236999437
1280,1406.181364141571
1281,1800.1597162484275
1282,12464.541376311503
1283,8096.989420500368
1284,4427.601322226586
1285,2408.0665269902743
1286,2997.263986560607
1287,7070.452995018973
1288,3467.657643169679
1289,701.8001511723971
1290,2753.9402309460993
1291,3978.6534542761988
1292,957.2600642961457
1293,2342.5906556207833
1294,742.5791744026066
1295,6702.852612448704
1296,1250.5614588727915
1297,2001.1446546819006
1298,1684.6646190159227
1299,4287.57730513741
1300,7606.594004513571
1301,525.6047396541076
1302,6863.896332554735
1303,5277.16061114614
1304,661.7977954105138
1305,887.2075530819412
1306,1734.6249191133977
1307,1631.734322086545
1308,1834.3159105167615
1309,9279.97800861328
1310,4180.749750699308
1311,2446.161676297644
1312,2419.19533104025
1313,1940.1033695476394
1314,813.161418001254
1315,3062.3992121411593
1316,3554.1100164176373
1317,592.7762066320403
1318,864.3674624072263
1319,2030.9528352530394
1320,1155.4167363667011
1321,7580.997449216543
1322,2866.72769983508
1323,16083.026878172212
1324,855.313512877125
1325,508.7597982827006
1326,996.8611759312798
1327,3727.0848414750703
1328,3104.528390063289
1329,4580.364025995875
1330,672.898381512764
1331,1422.3259853151746
1332,781.8133817890963
1333,2842.4739358852366
1334,3497.6557442370636
1335,4426.284751904977
1336,4140.140190447975
1337,760.4387068407095
1338,3280.636588688972
1339,692.900094510372
1340,5520.440842030728
1341,4866.129253044048
1342,14052.398843462637
1343,778.3368844696969
1344,1985.019309650896
1345,5216.804829818753
1346,2940.1369895286057
1347,837.0918403090565
1348,692.3245940411298
1349,744.218328723046
1350,845.8813759582223
1351,497.99250607354855
1352,2502.1380212442987
1353,1280.4174440625566
1354,6351.062608207645
1355,13815.923151595609
1356,889.6571609387813
1357,941.8783931606245
1358,1319.3076778612567
1359,622.7449307949444
1360,4999.877402913706
1361,1294.9982661769461
1362,639.5616841104039
1363,5018.399328194807
1364,14593.417521262112
1365,4218.174665918925
1366,13951.930876366474
1367,686.3995200100396
1368,4174.4245243032465
1369,499.0794147782337
1370,1166.8440864135594
1371,1005.0034231243508
1372,2158.8691964562413
1373,15692.914682786844
1374,981.5163624081802
1375,3361.4767655304945
1376,9207.352952264284
1377,670.730788007246
1378,12897.352523807182
1379,2525.3572127505886
1380,1004.4067474603888
1381,3371.725100530867
1382,817.8158684590762
1383,6318.772434012399
1384,2209.0196782546495
1385,875.8585912822431
1386,983.5623636059572
1387,5064.4146999565855
1388,16727.18142361111
1389,8062.9368007566045
1390,6249.6603588468815
1391,3414.735766198895
1392,1690.9393070660208
1393,934.5759732774136
1394,10816.030330119735
1395,4556.206470339054
1396,385.99319381607637
1397,1894.4378161401744
1398,632.4195842700918
1399,2957.411189032721
1400,12407.661852778176
1401,16654.363214789864
1402,7265.794699638597
1403,7019.875766537384
1404,7707.9371738492155
1405,598.9743776418085
1406,897.3478881237614
1407,5090.395367304624
1408,673.573424745425
1409,3204.9518700229105
1410,2419.968632198451
1411,551.7966502472356
1412,940.9865798202854
1413,633.2488591090687
1414,6414.249236076833
1415,1933.37961297618
1416,1592.2106897178128
1417,3106.105907229203
1418,1012.7986818805151
1419,11358.537053912583
1420,7028.312836057039
1421,1319.297249376091
1422,4709.5474745788215
1423,8453.059679555845
1424,566.5480071129189
1425,1293.4895590394133
1426,7313.127596537053
1427,1047.2016405567088
1428,546.7869970660751
1429,1659.0646915515467
1430,4641.576651350693
1431,3795.72324060853
1432,5911.762124273742
1433,4416.161137432765
1434,11174.010995012883
1435,4963.4489819889
1436,5089.434053331156
1437,3905.4925195575593
1438,940.2379202571635
1439,940.7147574965016
1440,873.7736438190366
1441,933.7756779131698
1442,1023.2811673345697
1443,4655.916782772477
1444,5033.5191312728475
1445,948.2706427399718
1446,3055.1160232200564
1447,13850.1109879894
1448,834.6778897030284
1449,1653.0657915787044
1450,825.8844573634753
1451,14919.021999501874
1452,5038.988969833292
1453,13267.770797886293
1454,748.3150977357736
1455,979.8347279283564
1456,12828.278160641445
1457,3443.8385397064894
1458,4588.848727236575
1459,933.9786186672831
1460,1614.249264323894
1461,2714.775341465884
1462,1060.0501736840095
1463,1146.0899476501447
1464,9136.981632617286
1465,2554.915585306471
1466,8971.904583016656
1467,1027.4961393990145
1468,2494.31911701177
1469,1782.6458771582695
1470,3106.986935149394
1471,774.5732816738412
1472,2882.2828670048084
1473,3397.9044174013598
1474,696.3098761671845
1475,1025.4489666048653
1476,3947.5017310382846
1477,4622.689588780361
1478,621.972526598524
1479,2412.270082480548
1480,2650.7422843934282
1481,3194.046849138883
1482,552.9903748139716
1483,3571.2932040422766
1484,4233.51960328281
1485,1679.870995799514
1486,10805.052454092427
1487,957.8004162407273
1488,2155.6997721499133
1489,1750.1959160017723
1490,1065.1435956125881
1491,1409.164805190149
1492,2311.6424354617693
1493,634.2781331815237
1494,509.652634245541
1495,655.7909987828721
1496,4704.644454444418
1497,6264.654911791686
1498,622.3483519874121
1499,1059.4479301530778
1500,14628.90859029456
1501,4886.217431205029
1502,15189.520384861797
1503,5600.926106789806
1504,521.2984848485386
1505,6261.278068537788
1506,1039.5739249705327
1507,880.3470415681363
1508,4494.234555496133
1509,1940.013773906951
1510,1828.6018685926936
1511,5233.028050091187
1512,4338.226697003576
1513,3268.2192529367335
1514,424.92176351998916
1515,14833.27234319321
1516,10216.735918932745
1517,2333.29978911406
1518,1369.1841050882067
1519,773.9875659826714
1520,4372.880508684977
1521,1707.2717363738334
1522,7404.160879250322
1523,4644.018097991889
1524,4313.682152030367
1525,1044.8379759537218
1526,5529.248314333346
1527,8586.28253876657
1528,4642.783889253788
1529,751.5826572013868
1530,934.4430473771537
1531,1468.8145881443427
1532,16772.603971705546
1533,549.1726476198161
1534,691.1513878757587
1535,8690.157464336413
1536,4176.469729880476
1537,2259.711120480672
1538,1433.9873139515275
1539,1280.2403238111049
1540,7524.488607975698
1541,2648.188819871972
1542,2224.6124292247914
1543,764.1025579723448
1544,10506.615162277141
1545,892.9684908291626
1546,6953.992355703859
1547,593.7781243218581
1548,2855.530266983961
1549,1173.2136798591082
1550,4892.052116529646
1551,3239.9786181038676
1552,7377.796178817882
1553,1142.5568734165968
1554,4163.986297753714
1555,2428.224983308537
1556,7737.941647365949
1557,643.3732486871736
1558,4145.096013221725
1559,2357.72447667619
1560,942.0266645545728
1561,3066.729102670485
1562,17032.54534966329
1563,3712.362962248279
1564,4459.060918134005
1565,1276.9502628756104
1566,4389.693750653857
1567,12795.624107801814
1568,5167.455820457166
1569,4997.344460911334
1570,1241.813551684864
1571,2354.357265187437
1572,4454.492078804156
1573,16070.917753815262
1574,5059.119325511102
1575,2470.224517408377
1576,853.2292623567089
1577,10649.844005780447
1578,1649.6009428634986
1579,12242.4956089268
1580,915.3508641958584
1581,746.7744021548158
1582,4765.018321002492
1583,3028.154272512449
1584,1299.018771379206
1585,15452.152096937029
1586,5621.539982462922
1587,2696.694006628779
1588,1879.748332302296
1589,5299.619690098306
1590,623.5818266341695
1591,853.3291915465846
1592,5822.497429565887
1593,10852.841205150644
1594,2346.3753830693818
1595,8253.469084601504
1596,3681.236520573681
1597,4079.397772179388
1598,1053.5270182008255
1599,685.5758306417974
1600,5816.695160255801
1601,516.2333271937679
1602,2306.7935163152174
1603,6464.807959017682
1604,1905.462512565796
1605,4152.746425067162
1606,648.7448882110981
1607,6424.933418014922
1608,901.4231402850659
1609,8657.674077942327
1610,943.6798667393801
1611,453.34886767604337
1612,11496.84578210423
1613,2304.246117586195
1614,747.5124318763886
1615,856.2053808577854
1616,1765.7477528726836
1617,12098.164644472476
1618,1957.398176282606
1619,6755.45546875
1620,6413.808525395615
1621,17407.770839823363
1622,4726.840129463017
1623,5428.437302972094
1624,2482.8282278127076
1625,4006.5308086551654
1626,5184.1031723170045
1627,7281.078903167246
1628,793.4907487079468
1629,9669.85517407658
1630,1311.2534838728786
1631,7553.7001013966
1632,11420.6218909364
1633,6571.655433238064
1634,767.5474123191849
1635,1061.9938201517334
1636,5248.590759465801
1637,6954.359508461013
1638,1844.532115707219
1639,956.4056500969418
1640,1181.527532912998
1641,1707.3382308588261
1642,14962.854273587936
1643,918.8443577959791
1644,1669.2136935666033
1645,838.5422885675332
1646,1984.1895369131676
1647,2957.8926015036614
1648,780.4000257880141
1649,2741.164487992383
1650,16620.574710592686
1651,463.83950426649534
1652,5083.595716345865
1653,737.2331579984332
1654,4390.87637633747
1655,15413.086263020834
1656,691.170806697101
1657,5069.000854660823
1658,708.1011687907892
1659,1775.1007497266542
1660,16600.975070170574
1661,7046.6376355991015
1662,3420.3877679133843
1663,4186.162045221934
1664,10432.592985349736
1665,7345.300690689399
1666,9646.451150800847
1667,3613.1102282616584
1668,3792.921370383232
1669,3798.5528702397705
1670,835.7262236643104
1671,706.5271102143332
1672,884.757253452076
1673,1675.1605772158666
1674,1779.376779005723
1675,625.9187030254915
1676,6880.509470593682
1677,4234.153509174878
1678,456.0340284663886
1679,12492.685340732509
1680,1924.6009312252645
1681,6851.878349353285
1682,11266.45489916518
1683,719.8363202004866
1684,3565.880815519098
1685,625.6338549986381
1686,1276.7351467317767
1687,1121.656446744616
1688,3163.3314104117726
1689,13005.915936888263
1690,795.8752766821526
1691,10752.668406772
1692,2618.8844495164426
1693,449.60141877624324
1694,671.2233916117062
1695,16299.156114010477
1696,2162.4203776041663
1697,2661.3354038189746
1698,552.9515820626175
1699,1660.3084482414679
1700,940.6624024273907
1701,525.9338483230309
1702,2221.5408115082605
1703,8998.12515173806
1704,740.1717753687801
1705,821.7871149342379
1706,8225.016052855246
1707,15316.236159703472
1708,6754.746332730064
1709,7213.520742013237
1710,632.8304982583326
1711,765.7238812314914
1712,6128.01338255481
1713,1172.6621983751309
1714,684.4312877041272
1715,3649.306080908377
1716,1704.8691090628524
1717,2670.5066189546583
1718,4045.3382701485707
1719,931.5730213819533
1720,564.2059999813295
1721,7677.160027922208
1722,3701.6631459733358
1723,4826.289859002528
1724,7920.195774060305
1725,819.924336381971
1726,15201.651116494184
1727,1082.465875106342
1728,4906.491687015335
1729,3492.396191569984
1730,2651.8557449548607
1731,5575.282489002174
1732,5044.860503924642
1733,5926.328860126582
1734,11832.919986236924
1735,655.442364510578
1736,2472.1548184621433
1737,8670.743983693432
1738,14501.606615843739
1739,4514.724579396125
1740,592.183502283162
1741,1799.7330470991924
1742,660.2472075784028
1743,1127.3348211839202
1744,7985.473237492121
1745,1181.0966796875
1746,1698.1746409345171
1747,13385.771577143238
1748,6808.467717231809
1749,5996.882380644928
1750,1412.6137943179215
1751,1812.4299875083098
1752,2929.457182592798
1753,6499.189236650293
1754,2823.8390505496086
1755,4340.713048116836
1756,3498.4123557394337
1757,722.3632036704095
1758,2886.6450983433883
1759,2462.4434422576487
1760,6887.964190816799
1761,5818.388790541098
1762,465.495005679617
1763,807.5133870526424
1764,773.040528349905
1765,2741.943280132507
1766,11187.184506549276
1767,16577.47068057617
1768,2358.0677315213215
1769,699.7758936278573
1770,835.7445100617556
1771,2645.488559019515
1772,8884.782512254225
1773,5273.846021693091
1774,9056.06650931035
1775,1092.136306574314
1776,947.6345465826444
1777,749.120095049786
1778,12056.724389004828
1779,1802.7272389078428
1780,8749.943588754464
1781,2942.921292162698
1782,4801.500670417907
1783,568.2869618974514
1784,7313.116460178327
1785,14596.51156141493
1786,1605.5280372609172
1787,2832.0678989056514
1788,6436.629787879176
1789,1312.2974453750894
1790,4721.0646451197
1791,1947.1401641015955
1792,1834.8792496343467
1793,1004.3084287454559
1794,463.7315745058473
1795,16197.91256381612
1796,5348.640618258541
1797,572.298694261442
1798,9381.03837890625
1799,888.3247499400533
1800,3171.897458223674
1801,4414.079285657971
1802,5406.997209422825
1803,6858.5480477729725
1804,670.2904728477396
1805,917.8513922127981
1806,5319.073666572377
1807,730.604396916983
1808,1114.2921811033061
1809,5852.107220223071
1810,2458.6307355953513
1811,1497.4840963067554
1812,749.8707105177626
1813,782.9668368397319
1814,4163.974852308253
1815,1744.910969675937
1816,2606.1601790668547
1817,607.9473514031923
1818,4366.5999020183945
1819,3079.492301685258
1820,16736.35522366089
1821,9127.04556696428
1822,751.0983992836836
1823,5141.896863750686
1824,1144.7397238352476
1825,5369.511823715341
1826,1621.1240333717487
1827,866.9379815395226
1828,1109.5281119501115
1829,16734.982505601813
1830,8622.60979016601
1831,2060.223848427079
1832,510.18860748933497
1833,4310.07165872497
1834,15317.575123550769
1835,6496.4012117971
1836,4766.955584878672
1837,622.0520186915468
1838,4424.5765065619535
1839,6297.1792806659705
1840,822.9112730406134
1841,5722.414027987497
1842,854.3978402663482
1843,4156.096243454377
1844,5472.398998404449
1845,2731.711691007623
1846,1377.7623315853252
1847,15787.870316596229
1848,4480.000976703418
1849,845.7443007487074
1850,13192.496762599425
1851,1805.2858209584065
1852,4455.709004596749
1853,860.0018910876557
1854,1695.1114004813014
1855,1038.2511404974946
1856,9147.883198511656
1857,1018.0356358610129
1858,893.5999092841322
1859,5160.533996897349
1860,1570.0828204497739
1861,1772.7988334521433
1862,2018.1578838452588
1863,5092.427355817152
1864,1948.682618559511
1865,4816.141557185245
1866,913.8217518257466
1867,4747.000016052474
1868,4575.092917597111
1869,1947.2047144916937
1870,1362.6318974585963
1871,3016.0176296309696
1872,1944.8143723940564
1873,609.0982125507932
1874,582.9772621394809
1875,6699.494229246726
1876,5708.562523688638
1877,2185.9993950444614
1878,591.9524041591253
1879,708.5478546621401
1880,6905.8531667262705
1881,4499.6285290328515
1882,13441.7197090983
1883,5103.496724213108
1884,5190.721929882349
1885,1337.889832369905
1886,3636.777799197166
1887,4265.46145631153
1888,2344.8071139398357
1889,2551.2550028218325
1890,1094.8094795504207
1891,1976.1585657668506
1892,1781.2738889067182
1893,7564.140183993304
1894,4980.552258360087
1895,7212.545548941939
1896,9474.77379863861
1897,1674.8391126347929
1898,10420.021603339897
1899,676.4110089018052
1900,5233.093380844056
1901,1416.9029308177292
1902,1226.158607716128
1903,3967.5168227011895
1904,4962.564455295799
1905,5184.1031723170045
1906,617.0317564350705
1907,6408.773276969536
1908,539.983533386794
1909,10589.517556239283
1910,5476.96473962506
1911,11653.128951104416
1912,7090.26036825134
1913,2877.28855977731
1914,1485.1987203140554
1915,1690.1868637548441
1916,590.0145063421421
1917,4466.642635890875
1918,13715.615226529066
1919,7894.557304566249
1920,4859.545463448995
1921,6442.357806793739
1922,5341.686352604398
1923,3240.9336573382484
1924,1082.6168233139417
1925,5592.695259814315
1926,2122.013570581097
1927,9283.949427862199
1928,1640.8561192619427
1929,14154.979606385366
1930,7757.228374717473
1931,9730.941236934463
1932,888.4481433304694
1933,10284.06090745537
1934,8503.212337214438
1935,9890.306983473287
1936,1540.273658856146
1937,3656.5304030162774
1938,906.973033808869
1939,3667.3365013401617
1940,2344.032969142693
1941,11816.551206602657
1942,12881.473913711365
1943,7400.910431677728
1944,14928.879147024834
1945,1673.715474147807
1946,5488.72125739108
1947,3264.4334596239637
1948,488.7451022834359
1949,3534.9686998346656
1950,1207.2821891592575
1951,5340.325814356877
1952,746.8433863914258
1953,10674.701478918365
1954,6740.698081411966
1955,738.8224480952224
1956,832.341796875
1957,2094.519733706014
1958,3055.6027374143123
1959,1489.8474223149708
1960,4972.354208681537
1961,7190.572366369407
1962,10869.935004412317
1963,639.0447695622678
1964,620.4706152778231
1965,1158.4986358379767
1966,2105.7166302101573
1967,647.4483795864977
1968,458.1797350762948
1969,1345.0271563137892
1970,3421.748336895894
1971,1995.2713153388133
1972,1729.6555354116117
1973,5354.286572657819
1974,726.7411894075626
1975,4087.112924698791
1976,1329.8119645125669
1977,8234.54559777283
1978,597.1817586114387
1979,11774.382046577088
1980,1986.7349969586778
1981,11861.18485383294
1982,2060.151920355946
1983,501.0960783726634
1984,3872.0067929184297
1985,6453.980220004258
1986,6657.6504172817195
1987,493.9224709275275
1988,1887.732989192477
1989,3039.4542139227024
1990,834.0010803314359
1991,4641.7667992545985
1992,565.0200920449688
1993,806.2987290119136
1994,906.7785537396452
1995,3289.052780877976
1996,3667.27917454429
1997,3249.444826456072
1998,6471.98878743055
1999,1444.438416895778
2000,870.1467761724792
2001,751.7336916770341
2002,652.9103723783332
2003,717.9425213398539
2004,674.0398701872091
2005,4952.681283028082
2006,4945.256848988273
2007,620.4430943942559
2008,5574.739398863284
2009,1300.580819277388
2010,448.09687910626576
2011,5025.06836813192
2012,879.1109781334366
2013,4081.085577546075
2014,13263.963401016661
2015,527.6627719022019
2016,3900.3810031987946
2017,4239.052400240169
2018,570.2044244538548
2019,4689.506890554016
2020,736.7127520169178
2021,4099.613025698688
2022,16074.828555434946
2023,9100.446960867714
2024,4393.352380827997
2025,874.1844724849144
2026,946.3114971146429
2027,2027.2693706841394
2028,11344.722717618068
2029,2574.398857955815
2030,917.6918329305893
2031,5415.32551238451
2032,6458.980673899378
2033,7802.36430524343
2034,7858.136828460707
2035,10167.176054909083
2036,17208.270931431805
2037,721.490234375
2038,2368.7701150251373
2039,2496.069228465203
2040,1015.6143270263927
2041,1222.7679806383312
2042,9111.596816759728
2043,5365.823938730218
2044,745.808065972789
2045,12414.69690081595
2046,636.2747011073205
2047,17275.344472638375
2048,5801.713036700655
2049,4999.156457513275
2050,2158.5825788438024
2051,5336.943018563364
2052,756.4348920791921
2053,3816.423687102131
2054,4393.13732507889
2055,825.6409861856746
2056,549.7402732673035
2057,2429.3704938310743
2058,13958.161672403516
2059,727.824658245002
2060,1275.7686386122236
2061,4841.925548444959
2062,12976.505286419902
2063,3090.5562918827554
2064,7761.106210302813
2065,483.402888625016
2066,9363.827309659806
2067,1052.0993458750154
2068,4668.340017552487
2069,1283.34958925585
2070,1145.110001152788
2071,1882.3095877458013
2072,7474.929248004453
2073,8828.642649917774
2074,941.3320266227404
2075,4002.0257451498437
2076,7335.3580066257755
2077,1555.3117255141767
2078,4277.2523181079705
2079,1075.396400225528
2080,7052.665781951492
2081,581.4810269277832
2082,8892.909209666239
2083,1236.2117069833382
2084,2553.0479500017104
2085,3859.7839716954813
2086,2101.6435264285283
2087,2358.279463975663
2088,688.6643492007685
2089,1081.6307993130354
2090,1384.685374189192
2091,3233.764300380721
2092,8208.555182248692
2093,622.1539237562519
2094,6020.24226945414
2095,5894.641129236969
2096,1121.8200729792077
2097,7011.766393972977
2098,6676.300800858987
2099,591.7787653821476
2100,716.4104434058025
2101,12068.40501287992
2102,4898.577667209753
2103,690.123717589674
2104,5187.322864069307
2105,1283.3928929258898
2106,2343.3607144091766
2107,2268.1206553827456
2108,14725.597291523278
2109,1170.8297271286779
2110,15620.017262514337
2111,2443.2969405560866
2112,535.4195084421606
2113,1376.5980746965681
2114,9334.485896429898
2115,1411.1114322321744
2116,5008.187452470989
2117,2644.0001478462327
2118,6284.366701755276
2119,2416.9039753902653
2120,5889.074194220053
2121,1682.0562339950332
2122,671.7132671668844
2123,624.0442034868213
2124,6448.365752179023
2125,686.5848193789138
2126,806.9414062671951
2127,8365.983819273624
2128,1008.8858019114446
2129,2598.578781717564
2130,753.8514289558731
2131,4935.707837728017
2132,817.3702650577056
2133,1269.247528369595
2134,2237.21664805205
2135,4967.829062445748
2136,945.239369055285
2137,2206.579322409668
2138,2714.1267923368778
2139,1301.4644995639346
2140,11800.580900720266
2141,1789.9078088851873
2142,7340.083545643968
2143,1138.7148523673416
2144,1423.8827804557463
2145,1312.0050455729165
2146,4341.139190173847
2147,1766.50375700604
2148,681.6460989687749
2149,922.4214688070708
2150,3130.2957968702635
2151,1319.2908848192587
2152,633.1026162225172
2153,3025.484845671276
2154,565.1251133705314
2155,640.1354391178016
2156,622.5858278169616
2157,13010.78030406701
2158,7741.944534955141
2159,1408.281511329472
2160,875.2993073233904
2161,5484.595641467399
2162,3831.785577411652
2163,4699.851758882664
2164,4377.011767971364
2165,9924.452477441722
2166,6939.815618405834
2167,5355.428482077158
2168,508.8598887385791
2169,6373.977313855282
2170,987.1551131550249
2171,7259.4001391382135
2172,6160.3074219796645
2173,2913.8579025238996
2174,7225.920949470114
2175,9292.9179206709
2176,1756.9027426810637
2177,7422.025128492675
2178,545.3056780308997
2179,1078.1003546374923
2180,3563.576597382778
2181,11076.699207698199
2182,1106.6309673534283
2183,1437.3306696870045
2184,613.1789391516755
2185,3309.5485721074015
2186,1442.9018529926627
2187,717.2948534999595
2188,7197.0146158677135
2189,451.07348753468716
2190,3888.956846205488
2191,10670.819889870832
2192,1334.3924634518944
2193,4057.335438224301
2194,2437.7476360863075
2195,650.358797319387
2196,4607.720689192616
2197,569.8287162172986
2198,861.5513710873375
2199,9107.84224932618
2200,2068.8470746074804
2201,1262.046653946138
2202,377.3718374736028
2203,5225.141462293106
2204,734.4480224863381
2205,1684.3970811624295
2206,477.7250569574347
2207,4225.211004183278
2208,806.7679596962569
2209,2835.799307800791
2210,4384.809674611097
2211,1567.1055072283316
2212,2416.9744738949867
2213,7441.995204708458
2214,7496.809034899894
2215,1535.8480709252256
2216,1725.000618598262
2217,3197.14791865244
2218,4337.346086673344
2219,4643.70595181592
2220,2261.79585699565
2221,1890.8958497162275
2222,732.4060230982732
2223,1938.505579161135
2224,1927.9574228627462
2225,2394.7182904254096
2226,6555.430303110832
2227,1157.5260937717762
2228,3402.157840414203
2229,758.3967171613859
2230,1113.5071205886575
2231,1614.0807684796107
2232,8249.069596847881
2233,1198.5683434570553
2234,2969.8439339710662
2235,11721.95535166789
2236,7735.804625418842
2237,1901.8471531195614
2238,555.9691889928738
2239,731.6590986281111
2240,10168.883928874946
2241,1869.0542368947845
2242,5371.507752380178
2243,5898.678604526864
2244,4602.68642423115
2245,6955.109666301381
2246,2453.831016328284
2247,668.6335830095984
2248,6943.453231414033
2249,753.5960027482402
2250,2203.5968634386045
2251,4641.097571907413
2252,4193.021593467127
2253,6490.842597836429
2254,8226.727827604982
2255,606.0809002799649
2256,1522.5928998959187
2257,1691.0139846433658
2258,875.6773431786186
2259,598.3885841661696
2260,4452.633375288213
2261,1727.0911681348741
2262,551.6002922507024
2263,632.7911007013996
2264,2763.4971512481675
2265,1861.1836073745799
2266,1022.6946843102883
2267,4510.874456706074
2268,4935.063841991118
2269,9099.37412359859
2270,1245.029901777943
2271,811.0950537828924
2272,1070.7202121450619
2273,1409.2938375024958
2274,3010.13427734375
2275,6554.104397082621
2276,727.4137166426427
2277,4593.209771686592
2278,807.4912933893827
2279,2052.8273720746456
2280,14445.618729549093
2281,4215.836076689542
2282,957.4457403462164
2283,624.0442034868213
2284,4659.517190600198
2285,2736.9685944426174
2286,923.8296324377926
2287,3204.1857803296675
2288,1016.8751643817956
2289,9399.576655035873
2290,1034.6362274451994
2291,508.6903576578235
2292,10446.096474254682
2293,964.159426407006
2294,796.3138109949422
2295,6792.042710814241
2296,991.8919392277974
2297,1032.6364939280909
2298,806.3490003698219
2299,636.5850433853399
2300,8005.973384425498
2301,679.5801596403171
2302,851.0687055027677
2303,1840.643812738437
2304,2972.570546513968
2305,2604.967962617709
2306,682.181253379615
2307,1799.724728773055
2308,9061.654256249578
2309,3788.876786844099
2310,5679.912749758732
2311,1049.4544937302637
2312,12919.491563488727
2313,4694.013209091527
2314,2366.4348494335763
2315,1075.4309465512074
2316,10593.010234837398
2317,1949.6902437910653
2318,2123.6569455628205
2319,9721.141924288266
2320,6967.7110367425075
2321,6593.453153458988
2322,6210.034266062751
2323,923.9433592073253
2324,4937.124769389231
2325,4744.042573702879
2326,6435.86718647225
2327,1110.9634708706742
2328,13464.997883648528
2329,1732.4234679173908
2330,526.2153509773423
2331,8936.163203799428
2332,426.8952707372696
2333,1197.8550012725048
2334,11491.077953268856
2335,556.0024175603083
2336,8437.701570654042
2337,962.9225906958642
2338,530.4970042884498
2339,7433.733841085211
2340,2367.3317602474176
2341,2631.271552093435
2342,5364.186258346795
2343,1001.6717427205415
2344,13319.898208395553
2345,4892.038977056851
2346,810.8400232460945
2347,1312.5853846963362
2348,2269.5822415463217
2349,3819.851993647006
2350,2363.566131319373
2351,783.2175487969148
2352,10431.795739146339
2353,872.271843588225
2354,3001.785998344115
2355,1774.628998860448
2356,1682.038183068766
2357,2285.7308184226363
2358,695.0869512789474
2359,2994.6450871032675
2360,1727.9402904181948
2361,5268.974064705802
2362,695.507276527557
2363,1050.9748693237696
2364,7260.744330963387
2365,12254.806724850732
2366,1189.0399775000815
2367,1158.1165790773664
2368,3053.4940428836403
2369,812.6923761763983
2370,4257.686661281228
2371,908.0324321883568
2372,568.163289956182
2373,680.6476392556638
2374,16638.539447021478
2375,14147.290666547542
2376,790.9441430214752
2377,2573.6904169985246
2378,3608.143126758858
2379,2447.1456716380685
2380,875.1397104372916
2381,1052.7625012516637
2382,4601.335212543778
2383,506.41560584884064
2384,935.9552366628928
2385,8280.945035876462
2386,606.2941767808194
2387,2721.096234237939
2388,1927.0092026803047
2389,4939.667543790495
2390,1865.4656629286437
2391,545.2114676089766
2392,9176.138154854696
2393,10537.81384256302
2394,545.147744540145
2395,2264.8503509591715
2396,593.341486646507
2397,7966.362910457038
2398,7552.031649514349
2399,5190.308525332105
2400,2305.562967973153
2401,958.5552474497404
2402,2866.5227612437525
2403,6417.98491636629
2404,8817.235954430509
2405,2713.1484187483193
2406,8553.689583942323
2407,3226.584880645647
2408,4761.3429749150055
2409,636.5490528442972
2410,1271.478353320581
2411,3771.1385149523685
2412,15413.392416501954
2413,2659.8711077491776
2414,3123.0581475280696
2415,4639.5330869406935
2416,4863.179328618741
2417,5101.504820811104
2418,1755.1182586232146
2419,638.7550294161792
2420,594.7846478794147
2421,762.1021029618857
2422,5724.844331333591
2423,6758.5158925720825
2424,633.4938227443715
2425,2651.5020982206574
2426,8993.50799649688
2427,3190.340676974393
2428,878.0752914747972
2429,3898.7498729221284
2430,10776.785467278192
2431,9445.658882403037
2432,4635.539517801135
2433,970.7402369108709
2434,2124.8379551840603
2435,7106.223072027589
2436,1488.589533683967
2437,2018.4048396733983
2438,4127.076666280718
2439,2893.8537561591647
2440,4963.856461842977
2441,15478.111809009288
2442,1025.195214182978
2443,3492.027089176075
2444,595.0087505138752
2445,3935.6101171498785
2446,11921.031206675538
2447,3657.339897207547
2448,1765.267483139666
2449,2194.988775802106
2450,549.6695548416367
2451,471.60718891255436
2452,1056.8168743643464
2453,530.5834488687882
2454,6625.649300238528
2455,2642.164722554101
2456,717.7938360630678
2457,773.6342405667787
2458,3074.2701925626193
2459,873.7736438190366
2460,7396.908556139371
2461,5105.36413711275
2462,1862.8342842846678
2463,617.1958853165964
2464,925.7158851048613
2465,2361.6537268211273
2466,2692.8071212357167
2467,8287.148464142947
2468,4068.9123220625065
2469,3615.5627323824356
2470,3215.2379588970934
2471,5130.92127472925
2472,5521.357720989979
2473,580.3505958004172
2474,496.02260594236935
2475,1701.7376532939093
2476,6881.878693884277
2477,12454.85724616422
2478,1152.121725895737
2479,1258.7376947611936
2480,2339.0099102911886
2481,803.4998294511691
2482,1746.5676911949142
2483,16390.11875387698
2484,3827.890300244987
2485,7031.683821513492
2486,812.2938050857961
2487,14753.160055717764
2488,4902.021959744475
2489,1843.2309891070342
2490,4134.838529957462
2491,16164.148469555723
2492,3026.4934793511065
2493,6197.807311744647
2494,1957.9814529121436
2495,1146.9043779598906
2496,685.6254516896217
2497,12007.045590638241
2498,952.6495476606959
2499,887.2723861070391
2500,607.5608533589594
2501,3420.2816103299997
2502,7014.078583472962
2503,727.3565377412065
2504,9159.873250544366
2505,6803.7567263770725
2506,9162.164040392794
2507,6591.355921385629
2508,435.9800962208571
2509,17204.865033911356
2510,784.302589619544
2511,2680.000311230663
2512,2184.9868188152195
2513,2825.548875787455
2514,727.3494339062788
2515,2864.24575957436
2516,1688.061274175552
2517,7181.561085447243
2518,473.1017495183791
2519,713.2677947406928
2520,2400.734506231104
2521,1062.4143754237384
2522,9305.738375211005
2523,4791.640920426736
2524,2691.129251770653
2525,3079.522813546804
2526,15265.245179238382
2527,1649.5764923586385
2528,4783.959731029512
2529,2189.279644523938
2530,1630.611713564661
2531,3686.1801911484404
2532,849.9484950706557
2533,588.2740420073867
2534,12545.102517709038
2535,3349.206903998038
2536,4346.793526928716
2537,968.2567922381182
2538,3905.8189935706523
2539,538.2885126790392
2540,2013.2090263073708
2541,5833.447748685286
2542,6137.279825738559
2543,4671.277536438878
2544,826.1328565702554
2545,2884.7783017368365
2546,16430.35847202079
2547,3288.1298505543677
2548,1823.4763595801862
2549,5700.054798158748
2550,640.6723635420661
2551,5944.027423139983
2552,607.6942931854799
2553,666.0229158527991
2554,4114.195920676714
2555,3749.3014943736707
2556,707.4073909765694
2557,1017.3881622342931
2558,6406.131721119923
2559,13074.919702521558
2560,9045.904428289454
2561,4165.362457245505
2562,5872.970867647412
2563,8298.950514863016
2564,4241.94836556532
2565,3297.412425469587
2566,7624.348773522458
2567,601.0941557578892
2568,2571.411224404506
2569,1669.2340967433029
2570,3150.607767608231
2571,799.1488676441156
2572,1581.695849553728
2573,8959.366976510431
2574,6729.400912954187
2575,804.1811772319417
2576,809.4959636692458
2577,2426.0266285757175
2578,452.1016104855667
2579,2289.773152053963
2580,10447.732371203194
2581,1891.2756685704596
2582,2771.0943988475997
2583,460.1596879872181
2584,614.3667097082689
2585,6964.31303193768
2586,1688.3505754473185
2587,5237.591062397589
2588,862.2049538700468
2589,3952.941672076609
2590,1471.7856133061255
2591,2395.2452878573235
2592,4295.675916733862
2593,3447.8657985222535
2594,575.1291210642001
2595,7213.2603495491585
2596,9485.84673778638
2597,1286.9885124586306
2598,903.898814544429
2599,1797.0187451011445
2600,11386.915615582244
2601,3229.6340477523604
2602,765.9575170485446
2603,2653.6926589740165
2604,5455.9196200580745
2605,14665.63901345921
2606,1725.792287556376
2607,3738.3899275704052
2608,784.0273212573651
2609,3955.2715383101554
2610,4018.411515563543
2611,1018.6574232468658
2612,1070.5837361873143
2613,4626.381640457799
2614,1658.5659517016395
2615,2348.7287101704424
2616,6734.532235389279
2617,9055.355141195407
2618,473.12430217197453
2619,1263.637739046555
2620,9016.703842963683
2621,2398.9092397150343
2622,4792.985083104331
2623,17335.48486316416
2624,918.445698066377
2625,1097.4032746611226
2626,11267.30640124136
2627,1707.6174718517796
2628,4511.151448429793
2629,2214.949168465211
2630,1665.9693312365948
2631,824.940638985501
2632,3393.3191529053333
2633,6577.840054395663
2634,2646.6082749782845
2635,4638.278340437883
2636,968.1408452571012
2637,764.2084289922016
2638,6684.729478346488
2639,1143.5241169427607
2640,1843.7241670767387
2641,4644.706654622143
2642,2068.4134800020465
2643,16968.632670902865
2644,10189.03999087451
2645,5486.956526095793
2646,2679.5834563218295
2647,6374.825242815338
2648,4680.171081409824
2649,657.9568367963961
2650,4556.537377417199
2651,3441.9285811622894
2652,12270.815538776435
2653,1323.7887281600918
2654,6498.794685055657
2655,896.3074590853837
2656,13954.470002220873
2657,9084.251612719067
2658,2426.4032386291774
2659,823.4899316553946
2660,2483.1592241359776
2661,17095.76449621883
2662,7280.643550386714
2663,9788.032678287935
2664,1503.309754899307
2665,644.4609160496939
2666,3187.332129293813
2667,2734.702948044801
2668,16146.875079142914
2669,14765.936695515824
2670,554.711434964672
2671,6900.982469918921
2672,556.1987476689526
2673,1279.6854734729197
2674,1191.8823610449767
2675,1022.0994362482849
2676,1903.2852294204336
2677,716.4469856053261
2678,1575.7587625333144
2679,4749.784428407963
2680,737.6911632897327
2681,899.412109375
2682,1122.178451797744
2683,13556.531107122319
2684,4533.460051618304
2685,1039.0549512705893
2686,978.3862065354878
2687,3086.847843269677
2688,11023.199801200964
2689,1226.409174015232
2690,6449.152643301833
2691,1794.9539663816008
2692,619.4299460899553
2693,2614.621208250946
2694,10276.217407552265
2695,6291.718682340162
2696,3443.509687760967
2697,4927.330797133029
2698,16976.817571002623
2699,1246.883153403253
2700,620.5115332603149
2701,11364.00466154786
2702,2266.3040379600793
2703,11913.259744081759
2704,853.6611206647093
2705,2946.6776104507094
2706,6483.689261291043
2707,2079.866844991846
2708,5909.356299385729
2709,3427.0181381702782
2710,15390.70104103852
2711,7057.534566769947
2712,2572.7789778276265
2713,7402.423523871962
2714,759.7519711045147
2715,2702.7876795705547
2716,6038.847514538949
2717,3442.3752841030496
2718,6444.620078033152
2719,2059.3128580729162
2720,972.4110679169908
2721,6312.799942747151
2722,3123.563067244798
2723,5768.846697915739
2724,7510.816317158283
2725,778.2017000270964
2726,4534.32431048455
2727,1240.6717419481656
2728,2527.8617190642317
2729,751.4478839072154
2730,881.5764576433245
2731,3974.5583029533605
2732,10497.623640209462
2733,6515.231148945248
2734,637.3964777238963
2735,2155.596489297292
2736,7732.495058169831
2737,2315.58972294137
2738,3120.101658436505
2739,9809.96661952707
2740,2260.3042174251277
2741,3839.4453560110387
2742,4651.09397905958
2743,8980.296887957222
2744,890.5653751879145
2745,7695.6015244761675
2746,835.2789398920502
2747,5578.490921135858
2748,521.0606243939127
2749,3620.092745336648
2750,2006.3409824877144
2751,15047.829287409044
2752,1694.304408961633
2753,2738.5174758555204
2754,1755.6746347381693
2755,714.1033900974923
2756,12014.501412654186
2757,8088.9717723870845
2758,4150.6354159374505
2759,526.9955973595024
2760,4636.898904663307
2761,667.3977829722812
2762,593.0552367150252
2763,4706.144596244412
2764,994.8806390566021
2765,1952.3633497934916
2766,2465.373474460342
2767,665.0760621653363
2768,1129.1320777845435
2769,838.7011479217939
2770,717.6068634516599
2771,2383.7224977656488
2772,8987.956128388885
2773,1946.6114404924647
2774,1603.7913709110455
2775,567.1119881075839
2776,684.5182011472514
2777,551.0905103076865
2778,8335.51219771737
2779,4458.842776466586
2780,10932.5537694663
2781,6024.127120535714
2782,5575.617533073188
2783,7371.919476412596
2784,943.3339227353474
2785,2500.5621996581294
2786,3746.0478340493883
2787,3098.967839883855
2788,7121.377222236309
2789,1020.4809083797596
2790,7404.744341303227
2791,1639.9477580271218
2792,1327.0605057482865
2793,2636.0970329024494
2794,492.1223229035594
2795,2748.847924558081
2796,9841.76130479236
2797,8979.728476982675
2798,432.40418552514086
2799,751.356810996405
2800,622.2724376344852
2801,531.4795212401723
2802,13042.912820019572
2803,2733.1549583985056
2804,4404.00628575857
2805,1805.808453434102
2806,2989.1196891486525
2807,6720.7173828125
2808,6679.03532736352
2809,1554.1853532773403
2810,1887.2350594448112
2811,3753.287824103787
2812,1173.7272259539845
2813,6583.670498301268
2814,3231.038611932028
2815,7377.476667550212
2816,17096.62186787186
2817,4195.712766600301
2818,738.1833557526015
2819,15541.227971967734
2820,1831.511458900396
2821,2634.0480559281373
2822,1484.1739700100668
2823,532.446463048459
2824,1191.6708679625838
2825,2764.6845270672943
2826,10987.096643945724
2827,13712.121467206376
2828,7321.366375682174
2829,5144.2887314980835
2830,555.0180284964702
2831,5230.571884013324
2832,1967.1198536106654
2833,1114.4045007775687
2834,756.5456481104851
2835,532.303053967363
2836,586.6472431052288
2837,552.3325324414574
2838,13620.284720278141
2839,843.5003164831609
2840,5880.275238704058
2841,1231.9445136187753
2842,602.68901130601
2843,3841.217764617722
2844,2204.1600818522297
2845,788.1412687491545
2846,4761.491136356934
2847,5221.8864277215125
2848,2487.528604114387
2849,626.0050054889308
2850,9770.529495388973
2851,681.3275398729315
2852,1908.7238962794688
2853,12240.856234898967
2854,2280.256251085189
2855,1652.8728724111709
2856,607.6518370296945
2857,2538.103979216454
2858,3674.9584486497597
2859,4843.246992750692
2860,1780.1544889866975
2861,17549.35380701185
2862,10603.675151132287
2863,9676.454207319515
2864,6544.280520874608
2865,1070.0317057518723
2866,976.9620466534517
2867,690.6098127905999
2868,6081.531875070426
2869,712.944154423828
2870,483.44508520810405
2871,1918.949369910847
2872,4718.610331768812
2873,1773.377972025472
2874,1693.8848997752636
2875,15598.450345314626
2876,4252.646082540221
2877,9717.134389326295
2878,6095.3709508779475
2879,754.7672461236748
2880,1698.6954464711202
2881,2648.0696111506268
2882,1087.4702037611064
2883,10477.265800033538
2884,10233.457262736874
2885,816.2188300819366
2886,3516.4652880249446
2887,4976.351003170906
2888,4974.48089383555
2889,866.1216149810995
2890,850.8573903116903
2891,2202.5462174826093
2892,614.8306074025209
2893,9270.31859586851
2894,840.8208998890341
2895,3230.780601279534
2896,4648.578697880896
2897,1529.0586806185315
2898,2078.287974335424
2899,5722.801359784407
2900,1232.3256916753169
2901,10594.703515856883
2902,1760.7332868054568
2903,13706.32813371352
2904,5018.397972057343
2905,3647.843011537829
2906,900.4887536519398
2907,4124.848982207108
2908,2165.7920716931553
2909,725.4988497766221
2910,5372.835160177525
2911,708.3709862427727
2912,8018.316006493827
2913,14220.231553667863
2914,649.1274808983505
2915,457.0191980670659
2916,7617.382722755599
2917,605.8221772729587
2918,1180.6603815146768
2919,2538.891383826456
2920,756.2663513915359
2921,811.6569086994143
2922,803.8830702314717
2923,1493.3154801988774
2924,11580.779789909106
2925,2811.63954552679
2926,732.227965124924
2927,5485.100008945972
2928,5389.804272600456
2929,5183.488706879175
2930,792.619826222247
2931,13264.965259049552
2932,3041.4212528001685
2933,8958.660431157748
2934,9278.484001102432
2935,2846.6145885098304
2936,898.1980430213024
2937,5238.792367503291
2938,1607.1044779657511
2939,4112.912511275776
2940,845.740563284301
2941,4148.498024843801
2942,9768.054323103841
2943,6975.49041108631
2944,1080.0785708176552
2945,1635.6942111315504
2946,926.3390249529364
2947,508.3403438341436
2948,6470.115845844036
2949,1578.158400060313
2950,3998.8005400599145
2951,2205.67666576011
2952,7139.429415176523
2953,2622.7664766186917
2954,579.612315031743
2955,488.08618943755323
2956,4523.501957292288
2957,1128.710621388828
2958,7224.9604396033055
2959,1599.184096531648
2960,638.9406203499075
2961,881.9466616995758
2962,4976.898206757982
2963,518.7443950260954
2964,9477.051431969256
2965,8932.418179436445
2966,4265.139865589097
2967,680.2238162295828
2968,583.9281872781285
2969,5196.008762335196
2970,2233.375263072237
2971,6814.911563841317
2972,10455.476901321701
2973,1442.4648925122654
2974,1756.7492251786698
2975,845.8986766109404
2976,2146.0188325374775
2977,713.8739008822004
2978,537.1701000306219
2979,694.3820601797157
2980,819.9126986064892
2981,6814.62994899949
2982,886.0962481258176
2983,1502.553545891913
2984,607.3728668493497
2985,2924.11260413629
2986,1897.7214211367084
2987,3463.2334486172563
2988,4934.265497197912
2989,887.3458005398057
2990,8279.447597252218
2991,4974.945020969118
2992,1129.8296855525327
2993,6875.79970384378
2994,1370.797849562685
2995,6204.631376331238
2996,1200.5622219294012
2997,11817.604783218896
2998,8299.456289109216
2999,9363.921556708861
3000,434.6887271410697
3001,5828.524353230786
3002,1574.0422639300705
3003,2749.5225336484195
3004,697.7308482594988
3005,2778.801314552746
3006,2184.5475383800044
3007,1675.5825278072284
3008,1681.0668858498177
3009,727.5314698585933
3010,2795.699282422317
3011,3281.089764230301
3012,792.0789201087068
3013,718.7927734469594
3014,2308.8445218570773
3015,11181.557314734717
3016,1315.5843852406138
3017,3579.4533954856156
3018,1722.6956887209706
3019,782.4364697542559
3020,3752.3897117585925
3021,12728.21666802322
3022,17811.485649274982
3023,8936.966107570905
3024,1047.4813414601713
3025,5005.812899594878
3026,4430.726266385093
3027,5329.090344966913
3028,11941.43886351103
3029,6451.193356320032
3030,1354.5470052074133
3031,742.513741690862
3032,4604.607540389153
3033,895.2206234534111
3034,660.2110309596854
3035,12028.972726006514
3036,1294.167489887501
3037,856.3678120881176
3038,6107.515258237674
3039,9979.380545667014
3040,2734.727614579798
3041,4662.705114885972
3042,4885.918213172439
3043,1095.178316146358
3044,8930.681440400002
3045,6434.849248906706
3046,2246.890506877318
3047,4285.757316580384
3048,907.2872507795295
3049,706.1053001555933
3050,5117.0553425296885
3051,15813.095248309268
3052,2266.662035492086
3053,551.561552944216
3054,3060.520019447007
3055,4408.583419186827
3056,4663.151933429793
3057,838.1634725269826
3058,4158.011091252543
3059,2987.8436199071025
3060,1137.0146604741024
3061,1100.7294388792907
3062,1686.9911087960395
3063,1278.6231605708908
3064,2518.734071228477
3065,4756.786021138778
3066,7827.836435078474
3067,4953.740806489578
3068,733.9654637249304
3069,821.3678839003371
3070,2974.0616988054057
3071,791.6125532691607
3072,515.9912612609119
3073,981.6350809569279
3074,580.8601524936581
3075,2464.8365932365778
3076,2393.7521934585075
3077,1893.7621216083296
3078,507.0770817148008
3079,8296.321974223778
3080,673.5258788727249
3081,1064.2101637594874
3082,9052.028222435396
3083,10788.243676295542
3084,14470.156309884433
3085,643.1723804892779
3086,15137.077486754835
3087,5292.447484117503
3088,2912.628506346299
3089,2656.3967115564474
3090,548.7427851538944
3091,1743.5627040039572
3092,7365.164273225381
3093,16292.884050924382
3094,1892.489346029733
3095,466.83128238681473
3096,594.2326687871547
3097,4411.132105748851
3098,2036.7575616353256
3099,5712.775798834624
3100,8196.037080455086
3101,1217.6259586858891
3102,4422.476437075317
3103,2130.369676919551
3104,4974.000217013889
3105,1215.1808702146564
3106,4325.6205639066575
3107,11051.085793618884
3108,12669.99955108723
3109,1362.0500243383901
3110,912.5812850445645
3111,2425.5403759441815
3112,802.831179462193
3113,15275.54624697897
3114,16233.408624445568
3115,3100.443603331883
3116,866.9524079015555
3117,566.2813881045172
3118,758.2872389562989
3119,895.1273418269701
3120,963.2066343351981
3121,4537.9932534921845
3122,3787.6281532681833
3123,1792.3352133299434
3124,2478.2889294449806
3125,13647.413315953307
3126,1795.0525232224998
3127,840.1708846200125
3128,6848.352903400019
3129,8666.878792695135
3130,584.0103307975024
3131,9996.038717542571
3132,5621.86841334903
3133,1203.3454479279749
3134,4379.854465688338
3135,3433.7656704171454
3136,2268.0459271272534
3137,590.1172356450672
3138,485.7168528985142
3139,5395.518452969613
3140,1579.351318640541
3141,15461.392908661588
3142,560.1427349358185
3143,4692.907313858635
3144,4325.654514346075
3145,8623.01375445009
3146,8795.060080821611
3147,749.8707105177626
3148,983.9856797664896
3149,1038.4452625395572
3150,1396.0045183742318
3151,5468.115073193207
3152,5105.122286279819
3153,3225.8884521308896
3154,4164.806984977109
3155,7580.230041727347
3156,8165.391784606079
3157,3504.3674656576786
3158,2429.424289426065
3159,4050.990887117188
3160,4895.748027354203
3161,962.5003166674991
3162,15419.179906568499
3163,1886.4445652813113
3164,1619.739796606518
3165,590.5032542943525
3166,2628.5188083108646
3167,5295.177623963387
3168,4269.3168193757865
3169,667.3611859110342
3170,3611.590616053823
3171,4979.776113228788
3172,1433.7927434663677
3173,577.075913538354
3174,6353.420956054089
3175,624.7575731952649
3176,1680.538876621617
3177,14732.146404950206
3178,1187.2381177230807
3179,4447.55117998363
3180,2178.412794145895
3181,461.6076279568714
3182,1603.56195841659
3183,777.5326610259243
3184,2749.6787074709637
3185,2592.6068062713266
3186,1408.1021843229867
3187,8572.710771285638
3188,561.5173143720926
3189,14715.781360439621
3190,2619.8035265913054
3191,12403.00701222958
3192,1858.7197241287818
3193,2057.9819088381955
3194,3067.1667949389657
3195,526.6623265236615
3196,3891.6277297371344
3197,3986.3246628851325
3198,2930.098833512927
3199,938.2679420443817
3200,1144.5878766660303
3201,1741.336309759557
3202,17005.852993385073
3203,8201.285774626962
3204,2632.1643157607837
3205,4561.230428748283
3206,544.4193030734235
3207,6979.566041982225
3208,737.7096456649605
3209,837.41730638689
3210,2674.6063138830255
3211,4655.189568216609
3212,3111.0216900379005
3213,7312.281047858545
3214,1189.8870735050662
3215,4378.485926262221
3216,837.3530653958936
3217,1956.9321097653947
3218,1272.0887691689131
3219,654.7443234219995
3220,647.480410945509
3221,5642.258108079719
3222,946.8470037984855
3223,868.0870822448543
3224,4659.681351957489
3225,4626.997984779083
3226,2335.8129222853736
3227,2308.6904884084147
3228,4082.205011738456
3229,656.2677469550881
3230,17041.508322858394
3231,1012.2982460624855
3232,2636.0172049586986
3233,548.3642097165665
3234,12416.97790542197
3235,3289.0571289062505
3236,9071.929175489046
3237,2707.5111082855697
3238,1654.5461156304996
3239,5023.913224771156
3240,2364.5578603779113
3241,2129.7942893279937
3242,961.583684949663
3243,6540.997392751243
3244,3158.058817982334
3245,3938.875462651746
3246,606.6397762601307
3247,653.6507903338133
3248,552.9393821942173
3249,2887.402113058459
3250,914.776273054367
3251,783.8043952241492
3252,2945.73389383842
3253,547.1749937057424
3254,6724.805279739829
3255,2188.459759386273
3256,6230.437149473365
3257,12048.619114050334
3258,8703.869771298892
3259,17021.80911688738
3260,928.7605129893019
3261,1412.1754419174051
3262,14573.555489347067
3263,1391.4753960720318
3264,1319.7923673609482
3265,2434.2627195992695
3266,4694.818084370607
3267,5636.833075280325
3268,892.1905127897096
3269,1710.9656943501268
3270,4973.878738181861
3271,2135.962016271721
3272,5593.466489818701
3273,776.8097406329504
3274,1979.029684537278
3275,533.8678555724347
3276,3911.6773948354803
3277,432.4194842648957
3278,4202.638969949682
3279,2305.0314396285607
3280,4306.406859990424
3281,8462.187159263969
3282,3473.6716894267192
3283,4002.048381826836
3284,7848.773939311026
3285,928.0325877379121
3286,731.9399464933318
3287,3324.6629509831623
3288,696.5203382029958
3289,4422.949012367685
3290,3881.958139903522
3291,1233.4368072711559
3292,14166.507647160854
3293,3070.098116151427
3294,5684.725769268183
3295,4527.584052744829
3296,11440.51533855523
3297,3191.747049095545
3298,2796.6476108143074
3299,2026.287656410418
3300,9140.902453892637
3301,3855.2254187461435
3302,12286.353098493422
3303,1971.5091003695086
3304,2315.4967527042763
3305,4843.993526215057
3306,3687.627932959216
3307,2256.4492188096156
3308,796.8603285672634
3309,2795.0817479014036
3310,2381.1989113884047
3311,6376.012516509842
3312,15583.885122777638
3313,667.1835585368189
3314,9867.11100868138
3315,2490.437068838462
3316,14337.066964921685
3317,2504.751905036426
3318,828.1739434119394
3319,9187.258524083312
3320,714.3568297386877
3321,5775.267272523358
3322,514.4761315994975
3323,400.91397559097925
3324,932.2000791524675
3325,1496.8360161507899
3326,535.2143311545747
3327,4794.753216104371
3328,4916.53212515474
3329,7173.647480265995
3330,537.3199383976836
3331,3202.4458499611187
3332,4065.3186779952202
3333,1310.0986016805616
3334,1134.9682608283847
3335,11887.959927749505
3336,816.6479358909323
3337,3996.1111049602587
3338,1910.5780988388863
3339,2235.8839160492657
3340,7527.406618419031
3341,7496.275889992279
3342,4587.596884489387
3343,8962.975390625
3344,1411.2650183605253
3345,768.8059114579632
3346,4659.151637940317
3347,425.2681109876367
3348,892.1829349780453
3349,1283.5196980061519
3350,1068.59371839141
3351,715.2483312424762
3352,1141.5958312947305
3353,1386.445396239973
3354,1922.5653473292948
3355,11662.046083923364
3356,440.55062124455895
3357,4880.52430013325
3358,1765.5114673713254
3359,2734.4895603313084
3360,1061.6978083765744
3361,1591.3678445689054
3362,807.193214549843
3363,1930.4211729941585
3364,12002.8511578335
3365,12777.014518471922
3366,797.6060277610785
3367,1842.474776206824
3368,15721.592761012875
3369,2174.435221892944
3370,467.733387334087
3371,13750.469757460352
3372,704.4841062870609
3373,448.25301034180694
3374,16262.07646255853
3375,5687.049349488822
3376,696.1225270679587
3377,3879.4792982544423
3378,5786.288016635847
3379,896.5631087209987
3380,1022.0034546741235
3381,505.77308908816076
3382,1233.2950908996645
3383,2373.5535917014927
3384,2826.8837383724367
3385,500.2167995940344
3386,855.4061028167993
3387,1127.4854232204143
3388,6963.557125064427
3389,1666.3359606390477
3390,866.3681239128653
3391,1194.8084044742802
3392,4936.305522575298
3393,516.9240807238307
3394,10086.439422266872
3395,15726.94642667661
3396,962.1022157547376
3397,609.5030215922549
3398,704.4841062870609
3399,6134.115097944537
3400,1912.0756685785775
3401,3268.038893890691
3402,798.0262317082351
3403,735.2585716646801
3404,4035.641578754908
3405,9568.150763858675
3406,825.7280922276734
3407,1308.3975115073388
3408,2833.0580345583817
3409,1149.7137208048578
3410,2587.063298902362
3411,4644.328648409976
3412,2572.4608532867082
3413,9683.825154018417
3414,2390.706689518501
3415,1236.4720109873786
3416,1317.5955864871578
3417,583.8826989344101
3418,770.1640543248454
3419,3943.266539099487
3420,705.5673542525672
3421,4430.845370578439
3422,1887.304014099383
3423,3992.231846587511
3424,1900.5226583249867
3425,5832.986600291721
3426,795.3402908338463
3427,865.2850418090648
3428,550.160387931322
3429,2079.0911121722993
3430,9555.998945190344
3431,583.330279957824
3432,16736.226973017125
3433,898.8812082808246
3434,6937.1131527861735
3435,7496.199268100322
3436,1660.6290907852544
3437,585.0980063450502
3438,857.331106065306
3439,444.3905299676218
3440,2503.5827785001597
3441,835.4515815350743
3442,14006.339970063587
3443,16596.588216011307
3444,4866.890368491632
3445,1350.3190654561681
3446,2259.634149503581
3447,9300.32598189645
3448,11590.29076889146
3449,954.6900146965646
3450,859.8775253762668
3451,745.6488313052322
3452,422.59637281791834
3453,996.574712259619
3454,940.4645865470535
3455,5246.11889519367
3456,4055.208305431548
3457,3900.2390045608763
3458,1704.9846094771922
3459,1158.5824170986834
3460,2678.5170850599943
3461,2610.9550089062445
3462,2655.1641625933044
3463,6619.878409962249
3464,2222.631294220982
3465,1137.165764837989
3466,3134.4625860332644
3467,16280.287609628105
3468,4634.579954539044
3469,4261.140372424424
3470,587.2037494094486
3471,666.8971013295721
3472,537.3790043042251
3473,16750.56303450993
3474,1683.8324974890231
3475,751.2392806490873
3476,4955.234145492023
3477,4669.565092884678
3478,3542.4343888232825
3479,8848.737217128168
3480,1616.2732366479602
3481,6592.620034582475
3482,540.1046457746155
3483,832.5750219299255
3484,8253.480309658535
3485,533.5019684239008
3486,3140.4268078548102
3487,10378.223281385137
3488,2142.939539937571
3489,2672.22575574107
3490,719.3152668927988
3491,4413.006438444058
3492,1313.9263792985557
3493,938.280893860435
3494,2801.107874886007
3495,4409.031572471441
3496,1262.9230193078438
3497,511.7438341252235
3498,3166.193969863244
3499,431.03435456157945
3500,820.1842343274625
3501,1711.7851867090842
3502,5329.035341554277
3503,901.6047224407251
3504,632.7757865732714
3505,875.557463653764
3506,1539.5552213173444
3507,1752.3414403362774
3508,6083.090165392119
3509,4075.8293890520677
3510,8273.416644140998
3511,4205.192036270875
3512,745.808065972789
3513,6423.624874538532
3514,1327.8636779248864
3515,5116.437278622225
3516,2679.908433127442
3517,1058.6790945777973
3518,1986.4471996034492
3519,6436.703849884312
3520,1027.1499229191809
3521,10120.014867337639
3522,2931.7614619927426
3523,16744.544839928898
3524,643.4999096800926
3525,4027.701325676277
3526,6376.383205661526
3527,16226.451496621008
3528,15263.174694020265
3529,1440.7750405992824
3530,622.6438212144396
3531,731.0328131957691
3532,746.3256378844617
3533,15024.20018046727
3534,3127.2847601477356
3535,2491.034197410631
3536,980.9072406366897
3537,943.9518292215495
3538,6459.448960678355
3539,16024.172911566919
3540,552.012897824777
3541,541.9143394788
3542,6202.942945130431
3543,773.5299818360544
3544,745.6876712338105
3545,998.1644263922615
3546,511.58544561079873
3547,1534.838343335154
3548,1744.2227803932633
3549,1874.6053910136816
3550,684.9310396474522
3551,513.9522772871932
3552,839.9334550072562
3553,14526.308991115531
3554,15620.526668232817
3555,9688.75626363253
3556,2358.3088818644314
3557,813.5399023446544
3558,937.9566693217267
3559,1011.7075854293699
3560,2585.835512366475
3561,1518.7649902679311
3562,4678.8057170485245
3563,11376.947261986123
3564,593.1620618066623
3565,13224.941910882577
3566,527.3145356531817
3567,3550.9811023838515
3568,4414.839295544413
3569,1741.776647978683
3570,8901.622653687713
3571,833.5455752668146
3572,2598.8677656702603
3573,1911.846579043932
3574,4392.257868902194
3575,8884.09564415909
3576,15742.057585416087
3577,5279.169271013741
3578,16292.806212492169
3579,1762.732838053578
3580,676.2360848323736
3581,570.5689401185252
3582,733.5064174069072
3583,1002.8193508183733
3584,2213.767317304981
3585,13516.19408938213
3586,1097.01069352929
3587,631.1313724583798
3588,3314.692707272486
3589,4394.083356702924
3590,964.3581768568056
3591,883.2380459136718
3592,1684.7236654304509
3593,3606.411997169852
3594,923.6320627759687
3595,603.4255626054362
3596,852.0603745056709
3597,460.43832829323026
3598,4454.142250785583
3599,5639.100311969397
3600,1710.8823642797895
3601,698.318111783455
3602,780.8495924352648
3603,1267.4165305555239
3604,5325.147465016114
3605,966.4526506789076
3606,2709.0640317440857
3607,15650.646044248591
3608,1638.7370789689917
3609,4257.235365810255
3610,1004.6504083922167
3611,5063.4443895739205
3612,1893.0388091181705
3613,1009.8720039900762
3614,2133.9393245722426
3615,4071.7290151554034
3616,4600.427197265625
3617,6047.86869360999
3618,7920.58427045367
3619,923.8222738114266
3620,3595.8848683369665
3621,1660.0658557572435
3622,2195.8241773161953
3623,16021.826183023724
3624,637.3653079757173
3625,4536.1426032219
3626,7411.041735128915
3627,783.80297533767
3628,921.4987022969285
3629,1328.6700131899352
3630,5122.7842773163065
3631,3012.622852159443
3632,966.2160208630041
3633,13740.129355658946
3634,15615.90059637358
3635,1100.4001044445108
3636,696.3759307779643
3637,498.31064256069675
3638,4373.751076299726
3639,16698.24474869525
3640,1618.864401830808
3641,4439.125908084987
3642,15701.284284646033
3643,535.107340201935
3644,1260.4064745003338
3645,8722.710804197943
3646,2024.7179545734675
3647,6994.60266509523
3648,1376.5371223135364
3649,469.61149787563426
3650,777.2292023056383
3651,3669.1641637672137
3652,5925.043429129637
3653,874.5725386636776
3654,5093.285121329197
3655,717.6184799351985
3656,1127.168604721718
3657,5326.838178268941
3658,864.5922991411929
3659,702.3723104303742
3660,1539.5151795428383
3661,1001.9345146001152
3662,525.9409383044037
3663,9682.360557890956
3664,1046.5374924911714
3665,2092.146957155258
3666,7366.28535173715
3667,683.0048532129955
3668,4281.59966558693
3669,6299.749990937999
3670,3853.6208489192836
3671,3740.3646301185127
3672,6860.184939836112
3673,1439.218586593641
3674,6013.05631020325
3675,1135.895045627406
3676,882.4350882240034
3677,5430.157149970237
3678,5451.389744543651
3679,5090.938702505486
3680,4730.938590054443
3681,1469.128625070627
3682,10714.011120602012
3683,1053.308072544456
3684,1007.1651551507043
3685,2109.8078223030952
3686,1322.6414400502717
3687,867.8296537347551
3688,2346.6152553406505
3689,16841.244191330366
3690,5294.85936853074
3691,12397.794302268914
3692,4627.94169001579
3693,539.1348503965659
3694,655.2253131144738
3695,1052.5105125106381
3696,5039.50166643669
3697,3807.3677272691743
3698,934.3469546435466
3699,1762.4801632333704
3700,851.8048645275571
3701,493.72797574368496
3702,4481.311290811794
3703,5284.158597993081
3704,711.7605900816202
3705,638.1211949918548
3706,408.91200960226075
3707,12205.432835006932
3708,904.960875719242
3709,4953.293890077441
3710,6173.694245687937
3711,1957.6887487309168
3712,10949.349484827513
3713,5069.444817498923
3714,546.8400905480628
3715,598.5235138243373
3716,15166.044135444534
3717,5547.2014891309045
3718,656.7340377507047
3719,620.8812392958461
3720,1940.2361585986762
3721,12366.113363102568
3722,1267.012663919832
3723,4179.165842013889
3724,11777.555074935794
3725,828.1091702919979
3726,3678.6921159207895
3727,2639.923910438926
3728,13369.494069346636
3729,10523.239511149266
3730,7671.427697723191
3731,1876.5819888862002
3732,1396.967420936984
3733,1346.5360603979975
3734,1332.7041629966159
3735,7318.851605396742
3736,860.8403237769497
3737,6712.092967373487
3738,751.5358631644301
3739,1041.9329635377385
3740,7220.843124650403
3741,4855.76232992792
3742,3448.1724323591393
3743,7615.623058812711
3744,702.7053549489266
3745,4717.988903807431
3746,14447.766644107673
3747,645.2210652173586
3748,5860.084589240768
3749,931.4521970820936
3750,811.5144347386303
3751,1030.4682517729802
3752,16372.684297190543
3753,1042.455989500387
3754,1368.118171522909
3755,728.8650323057133
3756,9908.99692185191
3757,742.506906338606
3758,944.1426180049612
3759,1039.4417574073611
3760,2251.101201326885
3761,4330.703838444915
3762,746.0569997908732
3763,803.1246727344522
3764,11157.164466971568
3765,948.9821096074267
3766,1953.4699697016556
3767,9842.331835319477
3768,9062.136658261054
3769,1647.1432601650845
3770,2457.817097881271
3771,7675.491497531088
3772,529.2990073691742
3773,761.7693320814194
3774,2951.3817129587123
3775,684.0288517347446
3776,10597.35784407941
3777,1869.9275723814367
3778,853.4869220915627
3779,6848.659592018528
3780,2630.8910841109523
3781,786.096892596635
3782,795.4393635506501
3783,8000.754070381311
3784,906.9597433869727
3785,10326.934521698086
3786,3330.7622471476566
3787,7060.105604092498
3788,888.5465514936852
3789,4238.437374396661
3790,5396.714881484852
3791,4152.880245587438
3792,6307.793479232146
3793,10959.06505066724
3794,4645.783299182346
3795,711.4895920994588
3796,917.4703441454214
3797,756.2792075007137
3798,1922.3337774171953
3799,704.4841062870609
3800,2771.7540518552164
3801,2682.735157448735
3802,12107.2640838983
3803,519.9167507042162
3804,711.8044541365683
3805,4076.287839396194
3806,5451.154511108831
3807,5167.794100147946
3808,541.2214777911472
3809,728.6919119199111
3810,531.207554980177
3811,1152.6195853330098
3812,3666.5003180201957
3813,1371.930350337237
3814,611.9840877689414
3815,507.3085747273809
3816,572.3604909029764
3817,2420.7526008695104
3818,4011.9932649192638
3819,1741.6719110796519
3820,2989.859017868715
3821,1758.560916667803
3822,2163.4649832484583
3823,8583.513457985155
3824,875.7569051032478
3825,2884.156709334178
3826,11664.104953314616
3827,2904.920895308423
3828,1787.368888853313
3829,532.6531270010989
3830,480.5488539265671
3831,3219.5295317645428
3832,976.164777605708
3833,4659.699198204532
3834,4244.451888090854
3835,10287.72612013078
3836,792.3000955432473
3837,1239.1378763008095
3838,4344.157869989974
3839,781.4793799375896
3840,5259.5051635946265
3841,2153.966340666629
3842,14099.858674240448
3843,839.4669244000233
3844,3897.6675438976986
3845,2557.760206598414
3846,2618.2323255169326
3847,7372.537231649775
3848,9755.352441513753
3849,1850.6760270323505
3850,1777.9211895936296
3851,4058.514930189218
3852,4787.500483338031
3853,747.3054571076439
3854,858.7137748195022
3855,2291.9184232049365
3856,9115.916753128808
3857,783.3700220633332
3858,11930.546816191732
3859,8106.67635901115
3860,1036.6924788463066
3861,855.0089976685742
3862,1021.8565537232073
3863,15655.113586443073
3864,11596.19132757428
3865,488.6084358994431
3866,881.6776033595455
3867,8767.439564064078
3868,3253.427369307324
3869,618.3583645074119
3870,9501.423457466817
3871,3065.4317610811645
3872,1561.9800594027258
3873,988.6824905266166
3874,1587.9487739347674
3875,4374.798723372934
3876,2940.585600698202
3877,2026.0788154308293
3878,9779.19492071464
3879,687.8257208327581
3880,1258.2953844267204
3881,1019.2768609222901
3882,1091.248691853515
3883,4459.816276178715
3884,642.3608617920291
3885,841.668064174058
3886,796.7932067512462
3887,3461.7035557372933
3888,6437.231944189101
3889,946.7269874443217
3890,888.9856244911697
3891,9956.584870367351
3892,741.5573504483311
3893,16994.587009376577
3894,3050.1808990889404
3895,560.6258309704097
3896,13278.259807920484
3897,1712.9373784468498
3898,4297.727360566569
3899,1930.014776337715
3900,2974.059175895477
3901,918.9524464846605
3902,2185.4700864822357
3903,3148.842164094589
3904,917.7668468240608
3905,4663.392970419912
3906,887.5847635305391
3907,753.7835470048527
3908,8709.250806300784
3909,3094.6413359535322
3910,971.2965964542415
3911,608.9898495160693
3912,5103.263360720148
3913,792.4374191707415
3914,1822.9478824449975
3915,856.8953028602444
3916,1841.6034958850266
3917,2386.92286637241
3918,849.6168384160695
3919,2372.668168018859
3920,2544.5754168792346
3921,853.9627777124954
3922,534.9736068047299
3923,726.8246555390086
3924,968.7495237746974
3925,1345.6424617364833
3926,3192.50107636646
3927,753.9149340891931
3928,1755.0194427721756
3929,4353.594753539892
3930,1834.0487055645535
3931,6585.360187133852
3932,1282.3802753814084
3933,1713.3726746189895
3934,4239.8668254892855
3935,2304.9836257724437
3936,5158.560764018801
3937,571.5647382795808
3938,2342.6649605975545
3939,5056.422549773864
3940,868.7822629541641
3941,3139.711372098667
3942,2179.3305091843517
3943,1937.363283494178
3944,5944.247483800864
3945,2788.154319239404
3946,534.7523144550538
3947,753.8907069864568
3948,3252.8489878752207
3949,6464.949843338931
3950,905.9648240962252
3951,3614.459085755769
3952,13635.076458346664
3953,2368.577760700082
3954,1304.0421242613254
3955,13025.93876293979
3956,873.0730787356717
3957,5657.082094812378
3958,897.1077334752667
3959,809.299984815755
3960,1744.609326777227
3961,695.5310285508164
3962,712.1305584645961
3963,783.0673124987454
3964,1640.2538741826686
3965,1886.013321948164
3966,4593.263484322792
3967,1032.2334418541584
3968,10907.128981923226
3969,1253.1987981177465
3970,16495.95426915207
3971,17238.246742007006
3972,5368.449381510416
3973,831.6189720867027
3974,768.2531661685373
3975,1216.078409081091
3976,2811.8595530608336
3977,4421.866494495383
3978,14864.941878889342
3979,2622.911415785082
3980,11208.087650733172
3981,839.4705022637552
3982,11418.095157403854
3983,2363.4382445230776
3984,6593.238691708432
3985,8870.37407078773
3986,1547.0345246643753
3987,686.2061730307445
3988,2110.984994814817
3989,1284.3556662314543
3990,6791.98679783347
3991,1264.842889298367
3992,1120.8046436703391
3993,705.7523585288602
3994,7179.313179135168
3995,959.9314052012351
3996,3611.5656462317297
3997,4327.485557217792
3998,1209.2559072038928
3999,14976.050479915608
4000,605.8182452033545
4001,5363.489734572105
4002,4273.17583199391
4003,901.823180318244
4004,723.9531391671586
4005,746.125083082892
4006,795.1945205758843
4007,3215.632096280051
4008,2374.072509159064
4009,14427.918764577606
4010,5406.48232207745
4011,607.0420418530634
4012,971.2051634300691
4013,17487.841440351003
4014,1136.3756430957142
4015,1826.663021194201
4016,1445.0893862941628
4017,12508.806018291058
4018,658.5275141044555
4019,471.0130888705828
4020,1719.3135624439
4021,5024.504083223055
4022,2252.799642133212
4023,495.5355002364566
4024,1679.8390710541041
4025,6370.316525202509
4026,6310.150928254689
4027,2428.86851018238
4028,5991.201082535595
4029,4504.916845728462
4030,969.808168165138
4031,589.2745655802806
4032,1278.781594179655
4033,2861.3522586720705
4034,1332.1542693868068
4035,1061.921817594774
4036,704.7541493782059
4037,4497.998406142377
4038,488.27040114352724
4039,839.877408766897
4040,2353.520191055366
4041,792.9655992371763
4042,463.1628393562532
4043,9130.633138059122
4044,1296.1706058534126
4045,4914.064090540505
4046,12587.193499033996
4047,1389.128296875155
4048,6647.334323803483
4049,1618.3311689170016
4050,2614.3330064702986
4051,2631.88241645801
4052,766.3436585755701
4053,1869.779313027675
4054,1777.113402745715
4055,882.7215754672234
4056,3156.953065839197
4057,3853.0975169182393
4058,764.3400311747312
4059,8886.380676482804
4060,1156.9938836384363
4061,1623.137332659997
4062,850.5571249299921
4063,13117.695765592049
4064,746.3738490676388
4065,1132.2625883301605
4066,727.7068072165479
4067,1916.9252497348393
4068,3549.089542428266
4069,7069.932560635929
4070,447.19843774879934
4071,8393.4482312513
4072,2885.4749957714803
4073,712.1305584645961
4074,10006.776093174647
4075,1222.6882930825482
4076,4682.036861311167
4077,904.3302933639111
4078,4069.6431258390676
4079,2333.447949899902
4080,618.5425044951439
4081,6007.523611305031
4082,862.7625130190706
4083,1774.1038244183019
4084,449.6109875390943
4085,4595.916025120638
4086,5326.501161391899
4087,844.7387974857645
4088,2630.968530186456
4089,2470.579943345286
4090,2307.863660235336
4091,7038.428522739193
4092,1998.7040788548475
4093,3013.004424339168
4094,2111.0946820153986
4095,3113.790624317012
4096,4112.919830174023
4097,931.4521970820936
4098,3186.8248803294546
4099,10348.889004348539
4100,843.0255504891601
4101,6554.215111666068
4102,4582.915309846025
4103,920.80358474849
4104,6935.4430518610125
4105,5157.705863836678
4106,737.220943084265
4107,3223.1763128850416
4108,1139.855327457044
4109,14381.423524393507
4110,2421.5371705431658
4111,1595.8330438630157
4112,11623.476036832028
4113,3379.8733630236475
4114,543.2728834788152
4115,788.3911734696165
4116,1800.9919798165577
4117,3835.6201583696
4118,1322.6826637234062
4119,1766.4683166630336
4120,4547.1551368946675
4121,1927.118190533379
4122,1865.1045765635924
4123,930.0090793860892
4124,1641.0170093139416
4125,16221.337885182116
4126,1934.5581843160821
4127,3456.3783551612655
4128,14788.624535673704
4129,2651.094100290564
4130,12092.809542568677
4131,3087.9255503875947
4132,509.624931349175
4133,3548.901908674894
4134,5508.8930503889715
4135,1702.9624717566487
4136,1008.3386336574571
4137,1910.3774930131367
4138,2409.1142838735027
4139,569.5271836318747
4140,2762.2525324987087
4141,627.4664181108895
4142,557.926225082017
4143,12378.24782410425
4144,2029.1814665096074
4145,5916.202824889434
4146,4628.50767151573
4147,4734.100277693035
4148,1324.1679603963196
4149,440.90587246240744
4150,825.0320817493345
4151,701.4769394192261
4152,713.7924361576696
4153,3669.645683478622
4154,816.4033693745331
4155,517.5448262797079
4156,12423.345725647858
4157,630.7914146663877
4158,516.2218410234477
4159,2700.228357102611
4160,1665.7916356489486
4161,711.8044541365683
4162,898.5099769247144
4163,7437.935402056394
4164,4115.975014451575
4165,9146.222768753982
4166,10512.554392366215
4167,622.891149868404
4168,2158.2291237836343
4169,3196.281288912258
4170,14638.641710310407
4171,934.2039031244935
4172,1889.717169349032
4173,4698.276445430292
4174,4452.502913109086
4175,584.7983236610238
4176,1975.2442108861107
4177,4734.7791444127815
4178,2276.380124910942
4179,582.9103413575708
4180,2707.78875407902
4181,9321.397318716034
4182,5222.394062045562
4183,4347.819239761272
4184,12158.065696172232
4185,7183.930682699896
4186,2892.931614018776
4187,539.9739860856929
4188,1935.494140625
4189,831.2262524468176
4190,5799.486994897569
4191,2790.784564644136
4192,2156.2614406341363
4193,4709.241312009336
4194,834.1824186496543
4195,5071.830784174465
4196,4086.618301330986
4197,4790.695124929097
4198,984.1667503800752
4199,493.048918070444
4200,3438.2774978691928
4201,16321.810394862217
4202,910.9520236787505
4203,872.0389780070931
4204,2298.6805283365607
4205,3349.8785011690925
4206,10880.898368842583
4207,1301.7302153243847
4208,471.4448586412002
4209,7691.710266383428
4210,3923.7414060883375
4211,735.0376869314628
4212,2267.5390941155897
4213,1346.1255459729598
4214,597.3857528137963
4215,4329.043183985606
4216,1975.592638045466
4217,4955.052676540065
4218,814.168385409546
4219,2606.6558105468753
4220,6377.325639596314
4221,663.0466666459839
4222,1013.4948390172888
4223,1675.9534949532251
4224,4547.408727773056
4225,2121.5753200538275
4226,950.5278932636695
4227,9405.223170371743
4228,5430.9021643453525
4229,13703.992360154782
4230,812.1656246840142
4231,4210.0838188218395
4232,2105.3010040500135
4233,604.9962923682392
4234,8295.300375390665
4235,2096.3103485502547
4236,750.7555869243058
4237,897.2741247957434
4238,2121.0532430736293
4239,1037.2786994736402
4240,2887.6542630843396
4241,5226.602369618314
4242,719.7458319525953
4243,542.8872584604368
4244,6781.983855620164
4245,421.6968248469749
4246,8402.35887001018
4247,4020.295340761426
4248,4036.5092125517076
4249,8548.230903108617
4250,4991.988613647691
4251,6439.146581817874
4252,7321.876642671684
4253,807.1620063630857
4254,5973.405342562589
4255,612.7833265811928
4256,4181.229857717941
4257,1991.560933466393
4258,3299.376789328558
4259,2655.702363061921
4260,836.6112614707341
4261,5373.275593343069
4262,2044.7200232069251
4263,2699.9063862546436
4264,4414.830885468057
4265,5411.249042389037
4266,11832.584430096895
4267,3049.6178809213957
4268,2025.3116506575238
4269,4071.0526869547393
4270,7491.379766612429
4271,2119.597330729167
4272,16358.450917673166
4273,6909.653906235363
4274,11632.236140408513
4275,2951.9010022370508
4276,492.44982222504103
4277,3898.7434081801985
4278,8174.293193335019
4279,1217.195501979478
4280,884.048764199627
4281,822.1109299036273
4282,3251.0195678345117
4283,4481.192209868866
4284,8847.533335828453
4285,684.679538654856
4286,871.1239028113146
4287,4590.504348597125
4288,2363.8056546188222
4289,14102.174533966881
4290,7050.254288975817
4291,1365.170585955646
4292,5515.337003907121
4293,3664.3263822857016
4294,13292.8912072384
4295,1323.8769842049892
4296,9677.406793669843
4297,1031.477782926693
4298,1874.5211383809892
4299,2493.2324203971516
4300,729.1011368563586
4301,4957.593490181158
4302,11512.779702519472
4303,2528.7355856136287
4304,6964.044622876697
4305,5096.020033254674
4306,669.1890010173615
4307,7268.696841815853
4308,5273.391830345874
4309,1395.8816739401243
4310,4932.256866289823
4311,1860.8545844594748
4312,11604.714415151873
4313,16892.419727362158
4314,873.6613448050657
4315,792.2461440587009
4316,3526.4940011652066
4317,9383.760356208262
4318,3409.455510958748
4319,9839.167033820393
4320,2086.515728769589
4321,905.418536852743
4322,701.5926279765648
4323,1253.158498011613
4324,1616.9727303620937
4325,2435.687868349816
4326,4994.844606487868
4327,9945.565350160408
4328,5185.312026940364
4329,2724.2795443342325
4330,1320.9558234497265
4331,460.0281095697693
4332,760.4050328479095
4333,8722.177525357847
4334,2920.439636438811
4335,3361.5820157367534
4336,1571.1885418344314
4337,729.544782945195
4338,552.0252714368208
4339,5567.780348986102
4340,4882.123656069698
4341,901.9341016673133
4342,3082.6671075654035
4343,596.0520686840026
4344,7570.452399093668
4345,4117.2515616811315
4346,13858.080338941796
4347,4416.354351154661
4348,2409.735984270063
4349,1192.8450993992087
4350,828.1735358746447
4351,4226.781524994262
4352,9460.65737977581
4353,1702.4577163346712
4354,6335.402891895524
4355,15867.359394827807
4356,1302.6084951054438
4357,1054.3717788756815
4358,1423.8696826950522
4359,14552.349247426835
4360,958.8270719671991
4361,7275.42342763732
4362,1812.740084644153
4363,17275.91690128599
4364,738.4048411334929
4365,570.3905490311641
4366,1808.537840905339
4367,2993.192907313149
4368,3070.1683221436692
4369,2278.196044155924
4370,1304.3124107636515
4371,510.9450867280108
4372,11071.28529575893
4373,9355.544229574978
4374,751.4386344177494
4375,1674.0941713478571
4376,804.83936905864
4377,7587.363819449688
4378,717.8933725867703
4379,2220.2122286184394
4380,518.7079165844557
4381,16329.48634600591
4382,2436.396574183876
4383,717.4762040574609
4384,775.7154097763832
4385,7417.95153126176
4386,10203.344474857191
4387,4047.8761998645305
4388,1081.9477537282617
4389,3476.8404259510207
4390,1512.3616187932134
4391,650.7133153511533
4392,695.9148213309819
4393,5516.677743697404
4394,2210.5719288436003
4395,4627.991913244165
4396,958.7321247637892
4397,792.040021492908
4398,518.6051379662899
4399,3929.383773773317
4400,1447.9422868644185
4401,711.9965555722141
4402,14881.028465317235
4403,2908.9941735241578
4404,2488.488416584095
4405,852.345845930553
4406,1003.1079706157619
4407,13605.657827038898
4408,563.0383182071081
4409,1610.9093583317217
4410,1761.1257040457447
4411,525.2380251329647
4412,5631.80962038799
4413,792.4189814301811
4414,749.7985250544892
4415,1308.4108761882237
4416,918.9276457551034
4417,6049.483045991716
4418,783.7285748913542
4419,3409.98773932778
4420,7048.61266239978
4421,764.1310560073845
4422,5923.3812339379065
4423,626.6544194538573
4424,4931.378565529927
4425,691.1765107386265
4426,1617.5000307532014
4427,4026.4016913054797
4428,871.5883237986636
4429,6534.824208759666
4430,971.5713702055465
4431,666.0247782007941
4432,753.9902907709132
4433,4887.9324680187565
4434,967.3212464013037
4435,838.2482133333436
4436,451.41917247516477
4437,6434.198612391919
4438,4240.339284529719
4439,732.0624576702849
4440,826.5141257383291
4441,780.4450280898316
4442,7592.946207232369
4443,15428.732990712215
4444,445.9208541362672
4445,1449.0019794049888
4446,5494.621633206334
4447,1959.8797132267487
4448,1205.7512735051005
4449,4199.472237768268
4450,14621.100948987942
4451,10865.42849406955
4452,1025.017274818075
4453,1062.9620052686748
4454,9973.91828785241
4455,1056.9748486318083
4456,7305.126854909531
4457,3876.759789928291
4458,3884.883688010837
4459,5109.238942497416
4460,2409.625569661458
4461,2852.4810494213534
4462,605.7488258052507
4463,1309.4476790548342
4464,4866.566124269449
4465,854.9511072867192
4466,7665.7831144640595
4467,640.7584824589584
4468,3969.302922967822
4469,6878.155875203674
4470,2505.1535699610877
4471,2726.9383900047756
4472,7692.76715920284
4473,2049.9402566057543
4474,2938.591040113269
4475,846.6060682522933
4476,5463.175278386873
4477,3039.3661496646137
4478,4432.3866606847705
4479,3271.5772822879494
4480,1311.7870460814418
4481,1397.971455973255
4482,2758.3843663266875
4483,915.5963972583128
4484,2889.901756617406
4485,12967.05054112715
4486,2097.1515940514764
4487,597.4812319982926
4488,1650.3479808218904
4489,555.2959556436126
4490,7546.734682504709
4491,3130.0752966593636
4492,11111.171612491484
4493,1452.4344257748187
4494,11024.832613815062
4495,2429.976665358668
4496,3343.3471654054306
4497,683.3260116576388
4498,750.215796699769
4499,5482.01311140644
4500,5961.049487180275
4501,587.7767455908767
4502,3948.4191849439335
4503,2818.351893370371
4504,8030.4493104331395
4505,2946.5403508386767
4506,1092.3030560931825
4507,3639.7318205828537
4508,4932.139727593413
4509,4850.029118548217
4510,11358.917765848046
4511,6880.408954837475
4512,3508.1715832720547
4513,10205.523617889272
4514,9154.64275570222
4515,7120.452127513403
4516,1964.8024092673195
4517,12085.240626572164
4518,1810.3525901908179
4519,15858.824952250397
4520,577.0558759444576
4521,6355.245054533377
4522,6913.8072234597685
4523,9032.232185385083
4524,1176.6046240413234
4525,3114.5835603300916
4526,808.8233376686813
4527,4493.933926061437
4528,3341.040221741148
4529,3009.0838179827974
4530,9603.8530679324
4531,4490.6310743441245
4532,1012.6304472554153
4533,882.1313460683709
4534,1807.9127436792041
4535,3983.9904231164696
4536,2036.789508411652
4537,15309.781816644187
4538,4524.866353196588
4539,2631.4791906415853
4540,1680.262140852025
4541,731.5268003520711
4542,1784.7056652570743
4543,973.3215977696836
4544,3157.9958738838386
4545,871.5060600706007
4546,706.2215101055236
4547,2887.0881564235724
4548,6826.82730853713
4549,2352.5101723048997
4550,1033.3824153495168
4551,507.3210045277602
4552,1026.9591283084367
4553,6939.001636471641
4554,9922.500887329441
4555,677.0860089646686
4556,3003.7683453508043
4557,1332.2607719576888
4558,4304.830158298558
4559,885.1363737264828
4560,1655.7148402733403
4561,7692.087577143657
4562,1297.094072588264
4563,2957.06178771073
4564,2900.570869636316
4565,16490.43880246342
4566,13810.260787387151
4567,1838.2747276694406
4568,2773.035182837665
4569,914.8854003973927
4570,1749.9479847186976
4571,1637.3805648004338
4572,17481.46348235174
4573,5391.167614615463
4574,2054.590376470394
4575,6939.047164298691
4576,1299.4285619255497
4577,903.6661247550528
4578,739.46702903581
4579,836.639312616473
4580,11567.943638675823
4581,12253.356835964409
4582,3150.0766026930996
4583,765.3946163133064
4584,1240.533249199773
4585,2708.3806767068136
4586,5482.510367223611
4587,4909.699417053265
4588,7726.467135496993
4589,6768.240600593155
4590,1531.600234033397
4591,1888.3430415935272
4592,1186.8349474366764
4593,4056.9737312538823
4594,6439.826424193839
4595,5327.703877173661
4596,8974.049096519397
4597,3076.2155011405794
4598,6433.554187576548
4599,761.1485418380338
4600,14281.019819062056
4601,5652.160220469433
4602,1980.9689751080568
4603,1040.9595569368514
4604,7726.634765625
4605,8871.939382866383
4606,682.5138014683071
4607,2089.4275632249346
4608,3296.4055684648847
4609,8714.782843065415
4610,2141.382345369161
4611,2064.8861204217615
4612,10856.593855072146
4613,1239.3574532139107
4614,1314.6252394266548
4615,787.4754277883405
4616,7498.365145729931
4617,4382.199676773323
4618,502.02544634314535
4619,9086.34055984883
4620,2239.872591333753
4621,16545.248445383324
4622,995.763160652773
4623,694.4413324689136
4624,2151.532697156981
4625,976.7769202177609
4626,1945.0695908034527
4627,485.9635140395412
4628,16221.482948496194
4629,2392.01782019653
4630,4584.301531365551
4631,1059.5589505983776
4632,16032.633016475755
4633,6610.722345121287
4634,1361.136702123861
4635,6640.113354733005
4636,887.9601791700275
4637,1066.6350671554212
4638,776.0219967602773
4639,1692.8507504558702
4640,1199.3343765440338
4641,3232.4426618476
4642,11229.787533916595
4643,962.006097761488
4644,3102.212535000862
4645,5080.429908797852
4646,8737.08785315658
4647,2806.1234093296766
4648,4818.813128940447
4649,947.7352320376477
4650,2248.1937722998236
4651,4778.326536156485
4652,16952.803088325974
4653,541.1588728278319
4654,13010.240520394262
4655,893.1427523230881
4656,9472.627232973418
4657,811.1389980267327
4658,3290.7179581974256
4659,1872.9906122407513
4660,10703.163483849627
4661,5273.194950931846
4662,2613.770209217531
4663,4261.786802001375
4664,1021.3561578146357
4665,4601.512859256423
4666,6160.630263941287
4667,933.4159616193343
4668,4581.675303942067
4669,6584.249990057544
4670,2861.314205093362
4671,12637.452745394537
4672,5549.401896939973
4673,10641.103442587471
4674,5929.925903749522
4675,2320.3521396877977
4676,4100.809536167236
4677,5310.259612417102
4678,970.0147204618168
4679,5934.61411132588
4680,740.6660372690188
4681,663.9425692134893
4682,7883.0932941972405
4683,546.4758551474541
4684,6182.867576092111
4685,1423.0093545673667
4686,985.0137932260611
4687,4155.556293871158
4688,736.9096152407803
4689,5208.257991458342
4690,2524.0813900083413
4691,8080.0559726332485
4692,1156.5344768908992
4693,446.40960968041213
4694,814.6669003266746
4695,11067.923848547738
4696,4117.841385360142
4697,2879.474584652623
4698,5001.036122232494
4699,7443.751187961144
4700,2167.1292738507623
4701,509.1109008959196
4702,5532.800220580535
4703,1846.3719601909784
4704,2132.164126985346
4705,16296.563205054075
4706,3125.884646541838
4707,1003.7289738118673
4708,1297.5365553172144
4709,1806.7425239099155
4710,590.1069551306771
4711,3926.9366451021165
4712,4626.599740749583
4713,996.7961737873004
4714,2749.3294632789202
4715,1953.7424113689817
4716,15787.290793295388
4717,736.819781601851
4718,13982.075974374462
4719,886.1879266846355
4720,12939.38485850726
4721,4886.714156151714
4722,1593.6298105087653
4723,3858.480987258185
4724,5599.048048809656
4725,6840.834632141174
4726,2289.676814659064
4727,1215.497644957764
4728,704.4841062870609
4729,2253.238019353693
4730,1215.584391758203
4731,3064.0065498690515
4732,7772.874633386904
4733,662.7307415026153
4734,9603.010882512788
4735,4852.185426389704
4736,4598.764068983524
4737,1365.438372564935
4738,1876.362568882869
4739,1740.668885017429
4740,1709.1460244032037
4741,4267.307580089809
4742,573.5159582942422
4743,3725.1544020528845
4744,638.5717994418517
4745,16485.684433955095
4746,794.1858893661318
4747,4275.867979952992
4748,578.170922457884
4749,814.4215646151952
4750,3397.100747302498
4751,418.00141734907095
4752,455.54502103199576
4753,724.0775431570229
4754,1011.1881739286185
4755,4468.75157244667
4756,466.0583545669698
4757,886.48459818491
4758,562.4373798404305
4759,2735.942925568582
4760,515.6294510619177
4761,688.2794775531324
4762,3674.7831537407
4763,9136.997052079398
4764,2483.592412770523
4765,2637.1938906271225
4766,637.3635921570254
4767,1515.009708144187
4768,616.7649167632222
4769,6298.935130335691
4770,14110.674986536158
4771,1236.7696951758917
4772,1310.0043897777555
4773,2182.3585830052316
4774,1559.38947326887
4775,10821.885188563823
4776,825.4097338198302
4777,2086.0757530692194
4778,3363.3530964105034
4779,738.9810574576902
4780,8543.204629986994
4781,1245.2839188587252
4782,596.1831907362513
4783,757.9792234788738
4784,833.2341796874999
4785,4195.078245344608
4786,1536.6418957988822
4787,618.6256919543002
4788,608.2929830071819
4789,540.2243939605432
4790,11593.585044690435
4791,528.1258811147071
4792,16382.057237972931
4793,545.1248757045507
4794,1198.5766330128606
4795,3495.2214596113763
4796,578.3628782833651
4797,1596.8896432334552
4798,13092.470569135046
4799,809.2253487419936
4800,4014.9219673959055
4801,9582.531238166577
4802,629.9787354719641
4803,12972.392341193165
4804,632.3176302720731
4805,7897.747322825475
4806,2583.90014699296
4807,15150.156345584312
4808,1816.0753871146806
4809,5899.570512196537
4810,1037.5641841696918
4811,793.6330675317836
4812,7406.178671394308
4813,15632.865661386699
4814,949.7241240234595
4815,1786.5044970783492
4816,13564.433768667233
4817,10735.843081579702
4818,7916.025526471915
4819,728.8821352741517
4820,10178.092478146715
4821,842.3846014931538
4822,2113.152336776587
4823,3016.5293530215645
4824,2472.3702431297847
4825,4188.22592434108
4826,2724.3098078505477
4827,9841.65678223545
4828,1893.212148599057
4829,10022.734281618992
4830,3476.8232134095833
4831,409.30459447061133
4832,5176.8407868972945
4833,598.3076012867004
4834,4213.0122160778155
4835,15905.181264483044
4836,727.3518129604578
4837,12603.293118488298
4838,4400.454729366689
4839,991.730366466158
4840,1706.2696162498307
4841,16767.561397920534
4842,698.8390679058609
4843,2063.1013995631033
4844,736.3835316403671
4845,2286.8534221009495
4846,8753.19534692757
4847,1101.743137841131
4848,876.5304875535022
4849,630.1768468168483
4850,2286.709270680451
4851,815.8554938731536
4852,2144.3284024386935
4853,840.6628182023045
4854,5562.146107496101
4855,6079.263774475917
4856,1671.422652928475
4857,713.366919596296
4858,3281.192899638039
4859,6585.352304763115
4860,2336.574786469085
4861,3937.307908122409
4862,953.6643398038909
4863,977.0758542162112
4864,1064.3075205518683
4865,893.1168529610472
4866,712.3949579604001
4867,826.4985399852219
4868,2308.062430055055
4869,4232.239952603913
4870,5421.933717584905
4871,1052.4175270308847
4872,654.4594761492958
4873,2624.6640191780484
4874,1280.0873562887923
4875,1058.8229776243495
4876,815.507680068548
4877,3762.269557984111
4878,1441.6150970196577
4879,8327.376910657998
4880,955.5594181802294
4881,2316.3715477958303
4882,4996.807667328393
4883,2886.4746446109434
4884,12426.139158718614
4885,1250.7073345672218
4886,14465.0441049195
4887,8279.653237442186
4888,8011.412572298058
4889,745.8238965410618
4890,12754.27869468159
4891,846.9541710651556
4892,2611.4090192391373
4893,11135.591014046971
4894,13746.182961253102
4895,4768.078259126984
4896,7391.808607414346
4897,1700.8752456301302
4898,842.4535336721322
4899,6988.519185252719
4900,1151.2526540197562
4901,9070.506971915458
4902,6650.49737826711
4903,700.503817940212
4904,13555.914185492873
4905,1986.9861998587594
4906,3884.0159227006125
4907,1361.710694555408
4908,1345.3118179446578
4909,579.2916614606643
4910,6453.360452848829
4911,1732.1202131659
4912,7371.968696065377
4913,4729.039321866576
4914,1951.7988196642634
4915,3370.651861118891
4916,6691.32102945604
4917,953.0539940147077
4918,6860.30851698597
4919,2135.074928027237
4920,981.469238778533
4921,8204.12129243719
4922,4297.057984881461
4923,2778.807247584219
4924,801.0010714768314
4925,7708.321606492517
4926,1287.28368540322
4927,5086.198047470233
4928,5956.2756269843785
4929,4828.816743889778
4930,2616.081608566934
4931,4734.945647613201
4932,2417.2644784605864
4933,14094.506154586854
4934,1734.3568110410115
4935,1726.4449025984236
4936,12217.778189337607
4937,818.5975927687874
4938,3846.9980904221466
4939,3003.958920348637
4940,636.9013125357774
4941,1898.0464475634449
4942,13758.71685002402
4943,708.0687544408235
4944,4175.402617991559
4945,628.563949591537
4946,1293.0877994274783
4947,4810.1647607154
4948,6618.154278485434
4949,5898.349368902493
4950,583.5969185924648
4951,4655.505289915016
4952,894.1565007957807
4953,12502.783575356927
4954,3341.2168095343404
4955,663.6608623217866
4956,1675.498738402628
4957,1913.245099005334
4958,3375.5473690774675
4959,8398.102208210148
4960,3836.229302544324
4961,2342.2067429086665
4962,4721.053518022311
4963,1415.020809805218
4964,4237.7946495607675
4965,15642.595703125
4966,1024.896239655155
4967,15562.792553885736
4968,725.3501007394618
4969,3264.208237519504
4970,509.36268160605624
4971,1833.1456011135124
4972,935.9832401865244
4973,8430.717558186587
4974,842.1836432362771
4975,1044.7336325358717
4976,4480.831284661036
4977,2841.4690128847033
4978,4130.063472383688
4979,7330.37372954338
4980,859.9653161293662
4981,15018.576692588565
4982,15958.714110951478
4983,15020.371615557695
4984,5422.87360467223
4985,7665.614640519344
4986,15742.525705438278
4987,572.9758447478515
4988,1113.242981291384
4989,3280.8865970045254
4990,665.229819587537
4991,1072.9191330702645
4992,441.88346979148463
4993,5528.793087833645
4994,1004.1773152065239
4995,2350.9979315800115
4996,807.7005665079421
4997,3297.7908363126962
4998,3922.1587558460606
4999,2516.4948755355113
5000,2019.7404563285102
5001,11540.19369538646
5002,797.7118596590576
5003,2771.541283319868
5004,2417.5834679003415
5005,502.1355672183406
5006,2623.48337394744
5007,5268.840632503881
5008,603.79812305862
5009,1762.6004734422504
5010,529.8382065859657
5011,10611.014059533742
5012,12739.96404379677
5013,8553.162677159273
5014,913.3332039200732
5015,488.26887437483686
5016,1851.1917288495977
5017,2652.669865290898
5018,2523.96214508984
5019,730.604396916983
5020,554.2043992878295
5021,2266.1198220165547
5022,696.3849921367257
5023,7372.3955036674415
5024,13740.684679953842
5025,8135.34869912892
5026,12100.334494679186
5027,7620.021207766958
5028,11021.96538179807
5029,2357.945461982352
5030,9130.920593141856
5031,5166.250783863947
5032,1308.047206220723
5033,6530.63691834036
5034,2341.7419124140524
5035,1489.9498419217075
5036,16951.953494718793
5037,478.7902454836306
5038,711.5196866085575
5039,527.5738029040721
5040,13475.913573036592
5041,15691.86695170962
5042,1026.428841928776
5043,2661.3694430994206
5044,3589.2778047040606
5045,14305.149607284713
5046,4015.9233774748827
5047,13684.796103584138
5048,2263.5335205877163
5049,1591.9507459399292
5050,12790.4411576412
5051,942.3619630801599
5052,1685.2603989509853
5053,1082.8253079102883
5054,969.5197174690186
5055,3956.0414306212288
5056,1915.3015528149022
5057,2546.147958394586
5058,6348.2604359116485
5059,1762.3662190744756
5060,3770.9652951463054
5061,6278.499591163859
5062,5390.435785008307
5063,5608.948105748665
5064,13060.045394541437
5065,1091.6123964269104
5066,5171.391799223133
5067,5129.140983698327
5068,4795.015266551327
5069,4318.921985964074
5070,11788.967950360675
5071,1704.9260447698337
5072,3542.961369334845
5073,4722.245598359303
5074,666.4223164758133
5075,749.8707105177626
5076,5779.062736306652
5077,746.0569997908732
5078,1053.45678761111
5079,4135.665212809456
5080,873.0430375241649
5081,609.8376235408787
5082,11370.534511746406
5083,681.1914788845991
5084,606.3000083333677
5085,1930.9758440979751
5086,4692.556945988435
5087,3700.1073329085693
5088,4397.458451547685
5089,601.8445014781679
5090,1071.4027655093585
5091,617.6710137627821
5092,881.5287920044248
5093,5255.437434227021
5094,5646.521557480466
5095,846.3501386422921
5096,663.8241999291309
5097,2440.399718220206
5098,4917.778847905669
5099,3982.3157074601468
5100,7368.35087205406
5101,4541.720676992674
5102,1719.458016065286
5103,4723.259514886966
5104,840.6416917380938
5105,1092.9683868177085
5106,3240.271617253302
5107,1681.5251971699586
5108,1262.2824849146075
5109,9465.156729171902
5110,3142.736955761329
5111,2380.3533174414674
5112,1399.8664869092706
5113,9134.789469257596
5114,3380.886528528495
5115,4976.478564621187
5116,4118.48742574865
5117,2202.84892578125
5118,8322.370697720364
5119,560.2905140748344
5120,14333.459311506069
5121,6526.540152396166
5122,4213.0959582454125
5123,2558.0568007980187
5124,6349.004646456301
5125,3337.133293158857
5126,2667.46403748037
5127,1900.2641268282207
5128,3371.2720619282213
5129,1184.9781771684595
5130,2622.863972189824
5131,566.7906234339113
5132,2711.701384056198
5133,649.7847064486275
5134,3022.80812910537
5135,1344.2545225103534
5136,4534.40451690693
5137,17768.862727895306
5138,970.7600661491289
5139,1062.4406894179137
5140,3298.767087238741
5141,4598.896573515853
5142,1049.4051507759345
5143,8329.437210920543
5144,4599.855687055748
5145,1424.1033852923385
5146,2027.203417562374
5147,2638.4236624889086
5148,11833.691178755735
5149,910.1410763993885
5150,740.2483215605567
5151,656.2677469550881
5152,519.7931697947785
5153,9536.470717950046
5154,599.3077744668303
5155,10319.653574810607
5156,803.9017205459584
5157,1517.2948963045362
5158,12212.530306285476
5159,782.4840358902719
5160,8501.4864502388
5161,4992.607225415036
5162,753.1072228393629
5163,2971.569945680341
5164,3359.4099231808073
5165,2740.0520175956103
5166,3447.311679599033
5167,5215.142908963172
5168,7794.285557261849
5169,7436.224551064222
5170,3236.951136656466
5171,3170.650280180299
5172,1785.1744695071845
5173,7043.512898478473
5174,3916.0445447872607
5175,636.4547562546978
5176,4023.092683393889
5177,12313.808706159565
5178,2689.610902281402
5179,774.8464531965501
5180,891.8165176109624
5181,1683.1318303706762
5182,1315.445531256471
5183,844.6009793044644
5184,1731.6909861306374
5185,708.2978170139503
5186,4972.507104339602
5187,8338.390375120942
5188,784.7761809094023
5189,603.4824731927794
5190,783.8215845240426
5191,5237.970953980741
5192,1337.2058565347802
5193,4396.117977557382
5194,8132.272061512082
5195,6211.926518322172
5196,4141.940578147416
5197,5341.081147693451
5198,5777.2532923461695
5199,8358.382332832429
5200,5383.498115164439
5201,1026.354836232781
5202,490.50800892962656
5203,2835.758290081283
5204,3368.5788306636955
5205,1705.2766325713906
5206,4590.146400045801
5207,901.6018193248676
5208,2603.6339048756736
5209,905.761855931988
5210,3200.669577323663
5211,10545.120352653823
5212,4365.128504860618
5213,422.49963729943914
5214,16068.242479845465
5215,1118.162439714623
5216,6442.653964534081
5217,1999.3990047618636
5218,590.6558545104967
5219,508.3783971175185
5220,3019.166740797423
5221,629.3672507803196
5222,3192.389551385847
5223,832.1797199171357
5224,866.9635880384168
5225,4167.176722413506
5226,1095.7587307396147
5227,6419.819176431754
5228,421.2488727601948
5229,892.3222316707356
5230,2114.2740971678118
5231,607.9970342200947
5232,1819.5034030642666
5233,788.6241625027134
5234,552.8898527697777
5235,7596.720562212479
5236,16038.402949848794
5237,16654.91491852772
5238,569.5922350706634
5239,701.3074082394662
5240,2651.9215016255575
5241,656.5034992461846
5242,3219.3066120144786
5243,1780.0463428537628
5244,1434.8149379933268
5245,1239.010362283136
5246,4056.017062316582
5247,5260.143072225432
5248,773.3840018232245
5249,2219.7078165953712
5250,513.6614595384119
5251,7523.944901242735
5252,1838.119173072672
5253,699.1593393618551
5254,1455.318144818778
5255,683.9605267399396
5256,1730.2027661939933
5257,16781.790343952063
5258,854.0450514098873
5259,5036.005676655192
5260,973.0508244366249
5261,3072.7153151323914
5262,2454.0712571114473
5263,1777.0317258205118
5264,5151.818145739289
5265,5442.480850098114
5266,1603.4992916031827
5267,815.3676473438152
5268,1121.3757676247228
5269,1127.1679363628275
5270,14528.705851861367
5271,4178.226512727625
5272,16811.486714910137
5273,6412.310115430119
5274,4277.6299017945485
5275,751.931778554697
5276,606.8282343242948
5277,4624.1696720799855
5278,2034.8701291647
5279,3128.3277944711535
5280,808.0327756208465
5281,1367.3719427175424
5282,517.8860585065937
5283,894.9094294650188
5284,1658.9563772184679
5285,806.5117000037923
5286,1965.3664813489988
5287,5336.884209989287
5288,3057.5713023482776
5289,5535.734454742343
5290,3455.4235084749007
5291,470.4861177010965
5292,2743.386117999829
5293,959.2133979485416
5294,4285.269068769151
5295,2981.774898460332
5296,2224.356293052459
5297,9654.8186011028
5298,810.0731303592311
5299,14402.940598585536
5300,8679.389183991314
5301,3566.082111205508
5302,1374.7000010221652
5303,2292.2360794816746
5304,1244.396044340133
5305,870.388582064998
5306,1868.0918066359066
5307,623.1816595517639
5308,7557.676808478858
5309,7749.05884819379
5310,4254.702445789865
5311,4559.781465348406
5312,1689.9519638264142
5313,952.7357447160715
5314,512.7609659142487
5315,902.0957115011153
5316,1022.4836259831368
5317,623.8478910759308
5318,1782.9689686668792
5319,2779.2324278123206
5320,479.755934269498
5321,1508.4166021983588
5322,6404.235245870958
5323,1531.046907527278
5324,4364.728972233818
5325,1984.0492765642302
5326,3036.082133010409
5327,1054.392050625205
5328,517.8663357460375
5329,2319.8165490898264
5330,4267.229353216467
5331,3717.296980139676
5332,6384.235693427459
5333,928.3198401272259
5334,733.1528119843601
5335,3325.1726946459153
5336,8754.854810476794
5337,10766.359037761596
5338,8967.723787034154
5339,2706.22101698802
5340,1710.8274198015874
5341,841.9073963038683
5342,925.7006696526931
5343,4145.771706476887
5344,8159.522733090941
5345,9929.240263234466
5346,14626.876090513812
5347,3464.1008370310906
5348,2106.8259326361867
5349,2973.2041628012803
5350,749.8707105177626
5351,823.2052563432294
5352,742.9189911946615
5353,2201.768569290748
5354,910.5814606972134
5355,2668.352046447877
5356,17276.4666747517
5357,9595.096100837864
5358,1732.0169150343884
5359,2999.56046472723
5360,918.674703622666
5361,3559.7033320318897
5362,1299.5151378489452
5363,4117.382523501224
5364,1718.4447755326548
5365,12963.927706156146
5366,524.2801402728189
5367,7518.365600742779
5368,4118.7600734372145
5369,853.3377128526973
5370,1471.5934417502936
5371,3332.8966865187863
5372,2074.1989792500513
5373,11865.101061332
5374,4183.9670765537
5375,746.8340718019265
5376,1841.5537543402963
5377,1105.4200604603961
5378,16405.596592132315
5379,9717.285274515414
5380,3465.4697599451774
5381,730.7539301880497
5382,1327.8802326681046
5383,4732.96190527871
5384,15851.341604139003
5385,974.1997558153065
5386,541.2898250412757
5387,1744.2995352641835
5388,798.5874836455097
5389,8885.605151297825
5390,828.8778007272934
5391,3852.225890112567
5392,5680.819426037466
5393,4376.951074561749
5394,664.7469222534082
5395,16748.723661924087
5396,7772.221304451599
5397,3643.036470553906
5398,839.8413914822127
5399,2379.431203034214
5400,4390.17629274833
5401,7232.808358874738
5402,16216.960115338286
5403,709.5960436559533
5404,4492.454875913094
5405,7423.210748537096
5406,3892.883556006993
5407,6348.164243959677
5408,2006.6695830462243
5409,981.4541939732911
5410,8062.39544036287
5411,1886.1535900043966
5412,3814.359721708285
5413,13419.460530863353
5414,8275.06839615223
5415,15330.02507599756
5416,1831.9893830481751
5417,1842.5576986076576
5418,5191.119249169205
5419,658.167071482193
5420,1208.5141431524457
5421,1914.6141540012613
5422,7539.730927523092
5423,7584.5218243524305
5424,2286.257610457756
5425,462.42854020612634
5426,553.5265474433023
5427,4619.687431557114
5428,2323.4882510282723
5429,874.488512358501
5430,16992.768185791156
5431,581.4301173918304
5432,998.8930486732737
5433,9832.11150334938
5434,2423.210307166899
5435,5688.160853701312
5436,2847.881571842179
5437,706.5179787113857
5438,11178.54572199038
5439,1123.8836637159611
5440,2212.627332245815
5441,1982.3974139252487
5442,909.3253634249139
5443,3538.271065509926
5444,1496.215348324108
5445,6561.919852814897
5446,1027.8272781401452
5447,4118.212573480939
5448,2000.7532539070205
5449,527.8820263891346
5450,11472.34679178079
5451,9294.875393171107
5452,608.0163715481588
5453,16637.89368931952
5454,5202.905353379778
5455,1668.8985955805492
5456,5219.598529803497
5457,1903.0841538545146
5458,2312.24609375
5459,909.4927019540334
5460,2187.6177246957027
5461,426.2531491595936
5462,4033.2904152509573
5463,650.0601107622346
5464,3864.9389155504673
5465,3506.9166213763287
5466,2785.1082726290892
5467,944.807183984288
5468,5273.229750575182
5469,2313.853481869827
5470,2098.537108820798
5471,5780.768178169838
5472,4147.169995572252
5473,1884.903139846517
5474,12765.781794027249
5475,16455.70437350289
5476,4549.3420570716835
5477,1303.33462917018
5478,1020.0208194130603
5479,10111.377333665652
5480,617.2881405893324
5481,897.6258211154485
5482,8951.748044624504
5483,1603.883774139545
5484,472.9703310590791
5485,582.9353713965859
5486,6394.812394241371
5487,5403.307448286287
5488,2191.31010078406
5489,1107.9218716985251
5490,4878.059998946366
5491,1119.6216472868093
5492,1265.3055893650624
5493,775.3791037860412
5494,886.7991190071419
5495,910.1903094425845
5496,14283.011755980493
5497,6632.508773984646
5498,894.4454226702817
5499,4727.485198036384
5500,524.630258166532
5501,1103.7246469531674
5502,3427.2606322378433
5503,6198.159986891799
5504,7162.467652585596
5505,638.3923505170892
5506,5189.357988375846
5507,7599.007723936261
5508,773.455545366935
5509,476.76945660154075
5510,1713.3340967351787
5511,1746.1042854890716
5512,3531.6362736972337
5513,1070.095357234499
5514,4679.262966671511
5515,4925.521321878949
5516,832.1469750198039
5517,805.7935766723477
5518,4388.04849411353
5519,5195.3851309829215
5520,8759.30057777135
5521,11179.551724242488
5522,11663.529175746342
5523,2056.3878379596863
5524,567.297144856583
5525,1573.9545133316947
5526,5917.705620504173
5527,1050.539647627714
5528,813.2496672396728
5529,2288.642319231165
5530,426.4602445520094
5531,1801.7870589328236
5532,855.8110770089286
5533,4465.058050929103
5534,607.4065550949223
5535,481.2417071398161
5536,3786.892706008184
5537,3138.544069606391
5538,4444.458281102637
5539,4074.6704497404394
5540,3641.3273113957043
5541,663.6691014341143
5542,1129.7161685132085
5543,1465.8531359583237
5544,5947.363707847248
5545,874.392601272652
5546,1236.1158193080323
5547,8039.092915962617
5548,5043.978327162141
5549,7830.503731713605
5550,737.3332775395444
5551,4936.257725916456
5552,2775.209078693464
5553,4766.039620767493
5554,901.0828872984262
5555,3162.4265418583705
5556,1761.9107278483416
5557,6365.2412279060445
5558,2032.9604707549963
5559,4024.0061141638143
5560,807.244085605115
5561,14467.254742058509
5562,630.110764961231
5563,786.6982638810613
5564,8688.1864626009
5565,5513.629644779607
5566,16580.689331014833
5567,14665.968879088226
5568,868.8236330438267
5569,16457.157159875453
5570,1295.8577358278635
5571,459.780257028139
5572,603.9558645927266
5573,1998.0186416227064
5574,725.6755709741659
5575,499.4498403716745
5576,919.5875245005219
5577,6690.951989094585
5578,1050.737343410799
5579,649.4125897880093
5580,888.7721094172778
5581,4911.190632863579
5582,7109.52106648962
5583,718.1963600444541
5584,609.6935296284374
5585,709.8087128545693
5586,807.6151628224177
5587,803.5228456300676
5588,4423.487272479379
5589,4794.652290841349
5590,12171.657655794355
5591,1709.824906056789
5592,2300.71826171875
5593,723.4687977719207
5594,625.7544649649808
5595,575.543341800756
5596,1916.5170136846587
5597,12417.346745013447
5598,15547.039184166499
5599,2305.651490131867
5600,1949.1503407215073
5601,920.9316455664397
5602,2702.320714203957
5603,2636.5232168796465
5604,14917.223372395832
5605,2234.6769108753115
5606,4995.33680479308
5607,1060.798624577833
5608,7040.740679391282
5609,576.7088032997297
5610,1946.743736598893
5611,12932.406054912379
5612,5342.757632393744
5613,866.9934034924745
5614,2719.2941002758416
5615,10409.158688923286
5616,5610.047937773462
5617,15349.86507149015
5618,1774.0070066526316
5619,527.0228538586628
5620,1163.4235162652112
5621,7301.8133229078
5622,519.4038200073576
5623,2728.952412991212
5624,812.7777885526839
5625,808.6696788060493
5626,3728.2931148208454
5627,1781.8939827129423
5628,2193.4115412152582
5629,2434.6110507808557
5630,1625.7921619715323
5631,3658.954629964144
5632,1018.8801557400092
5633,5054.43773337871
5634,605.0770222067488
5635,6776.633123681021
5636,3023.08894061598
5637,4639.363132928269
5638,1859.0081330678313
5639,870.3609593915601
5640,1993.622336129522
5641,993.3171827288082
5642,520.3673894793812
5643,900.8397896288542
5644,11041.418222799803
5645,6429.418809841534
5646,5209.6831093911405
5647,2461.7828938327093
5648,11289.64074821947
5649,1027.426995712602
5650,749.2970011819887
5651,5941.298190387851
5652,801.9499080509332
5653,3072.5596298974006
5654,4911.774369202644
5655,810.0044619283077
5656,6256.70994591343
5657,1000.4321471455343
5658,3949.8571821557416
5659,4945.615621404938
5660,596.0465022961034
5661,13443.717016908327
5662,1220.061009659437
5663,4475.483561412047
5664,603.4245481333485
5665,2583.9760107634575
5666,829.5884561323847
5667,508.7943376749325
5668,936.7875730713656
5669,3543.5313887160623
5670,1906.9019731570515
5671,2737.1108686257803
5672,6621.583653463804
5673,2121.381624348958
5674,742.620480913891
5675,1659.4714040595513
5676,3218.9317502797485
5677,4698.532015372753
5678,3652.2490121214396
5679,751.4156950644694
5680,11679.868175583013
5681,2942.205097637751
5682,753.23504845767
5683,903.9397287403312
5684,1977.664237103265
5685,5935.728963800098
5686,989.7822245892163
5687,634.595528209768
5688,3596.2858152487324
5689,5329.983218806801
5690,986.2585936851308
5691,5730.103793246554
5692,3542.506130586285
5693,1574.1034441367824
5694,630.0198867708588
5695,1049.751857099373
5696,2858.1902451276746
5697,1871.2857353546299
5698,3500.536990954389
5699,605.9183999096343
5700,1599.8573615492553
5701,786.5351703618339
5702,3568.4497916121536
5703,3015.8970284186116
5704,1276.9347640118108
5705,5966.403752856715
5706,7852.950821278735
5707,5421.181555521239
5708,564.0059257859851
5709,1120.8832304048228
5710,7357.937630208334
5711,790.8375259134904
5712,2344.773759145324
5713,4415.323998026733
5714,1264.0695421984885
5715,3171.2181056928466
5716,4713.511539073748
5717,1015.634005421484
5718,1412.8217471681892
5719,2762.437685227615
5720,3322.560771946732
5721,1926.5882044210841
5722,476.648844952504
5723,3598.7995202820616
5724,3180.990302778006
5725,2059.990056383059
5726,3324.8195172098935
5727,1637.3895061517849
5728,3191.9075214673185
5729,6446.5848243066475
5730,1446.8029222848002
5731,1267.1719287211035
5732,845.1168424399204
5733,1392.6800793492275
5734,995.8733272861747
5735,14435.44629945363
5736,746.4360213234359
5737,2853.833921692055
5738,668.6839320721293
5739,16769.903735750297
5740,510.01953829133504
5741,7265.853983453822
5742,4925.322485233288
5743,946.2885599831054
5744,2690.3269069189855
5745,2140.394459616539
5746,779.1322262474234
5747,1536.24248744865
5748,458.1830821145188
5749,14167.696795682796
5750,1820.0488689426058
5751,884.1683260140229
5752,1104.967056024163
5753,2373.621633213198
5754,1056.7498716592643
5755,2271.9553623708907
5756,4724.892081457851
5757,2594.436259228041
5758,3179.380132871239
5759,4039.124021867763
5760,1175.0584121344627
5761,8371.985353350341
5762,1371.6560869388202
5763,4608.50260540642
5764,1788.9676634592704
5765,5642.9093868066175
5766,5547.737184313593
5767,540.3324823927967
5768,2460.32392787379
5769,4255.038177644949
5770,4144.87151826797
5771,16613.111652421972
5772,1865.4657381367497
5773,908.8351161885597
5774,8282.8112906814
5775,916.5262680162208
5776,1131.4023391931553
5777,3650.193097743493
5778,4036.2971027048534
5779,963.4058014978169
5780,9813.808752839128
5781,1932.7021026800778
5782,2499.02557615903
5783,5425.95199991771
5784,2341.5606604255063
5785,2207.4606241899533
5786,843.9695559716648
5787,6419.165692141713
5788,12943.878592435736
5789,3637.161811755953
5790,3735.902787873347
5791,10795.716338566515
5792,735.7058582847391
5793,1904.404267872878
5794,868.2526658380465
5795,679.2338026687682
5796,863.6763237267321
5797,4448.264809740317
5798,1984.7683512458066
5799,5740.35512414953
5800,12396.812123333752
5801,2932.569130938292
5802,9617.59051468637
5803,1993.8918087726775
5804,2952.9364272914904
5805,3301.168314075248
5806,15537.681638721207
5807,7795.998991680959
5808,962.7105273359193
5809,15116.224528349667
5810,10370.424964059916
5811,2792.380208816831
5812,6937.774889086817
5813,6568.5251455539465
5814,17540.351561297368
5815,7428.821436234391
5816,991.9847517269268
5817,920.6302356192939
5818,759.2037276387729
5819,13738.9533578175
5820,3459.126500602504
5821,9803.121392081706
5822,6179.5489912972735
5823,725.1299018165797
5824,9357.278875144653
5825,1753.4730540179355
5826,5039.889785895581
5827,1650.5779435399838
5828,11596.865571498513
5829,887.6569558295731
5830,450.0555938044806
5831,8676.720743627586
5832,1426.0525873114466
5833,2437.374449733011
5834,2483.6794477868516
5835,1238.9812591775928
5836,654.5591835447997
5837,3858.468254288798
5838,5271.476104070364
5839,9061.467735388596
5840,2280.045660689305
5841,1871.9763713116188
5842,1834.636806396275
5843,1526.058826776196
5844,824.6061300188385
5845,490.36296530777054
5846,662.2766996628258
5847,690.6011324901948
5848,8545.175901870276
5849,906.4327016355268
5850,4632.712227482227
5851,766.6573155652276
5852,831.1910342117325
5853,2227.397685626219
5854,408.39904434455036
5855,3165.397410273353
5856,17603.119886547724
5857,9195.891798080134
5858,4189.964046642354
5859,4191.765441802973
5860,489.3370477494717
5861,2736.156528728114
5862,1402.9573038098054
5863,4669.208635749489
5864,2146.530454581456
5865,804.1556300140729
5866,2939.3170371867036
5867,1702.7064258396897
5868,2344.837749805831
5869,4905.976379186843
5870,1406.6978294234186
5871,5310.238712750689
5872,2852.0223945882494
5873,3079.6008882857377
5874,5327.0578344655305
5875,2607.421781144561
5876,2885.436618395909
5877,1749.688814519003
5878,2602.569308067416
5879,8027.879512332759
5880,2924.1432176052863
5881,895.6486309817388
5882,825.7795317177995
5883,2327.972212524255
5884,7688.219599161916
5885,555.8525127851175
5886,914.5784706093126
5887,2701.598337927305
5888,570.7523867191835
5889,953.8254828171836
5890,629.2049257283079
5891,2372.558589815523
5892,687.4555883114854
5893,1760.650538746741
5894,3557.6530021997537
5895,1857.4966815391415
5896,451.1748123484634
5897,2842.492093445396
5898,3781.1814725693143
5899,5033.88535587185
5900,1021.4086703434516
5901,2311.371185401031
5902,523.82847488819
5903,6884.934332964067
5904,3048.197223108963
5905,4913.7985650252
5906,633.6759615893737
5907,673.2565206223289
5908,7847.752283814504
5909,5329.551006350196
5910,672.8149690141711
5911,1861.2616342225656
5912,748.4845779242041
5913,778.4700744972264
5914,1830.06788490371
5915,536.0977619051266
5916,3131.9484157075103
5917,2716.39827469068
5918,649.4138876635241
5919,1249.4613669098421
5920,1959.527916329803
5921,517.8521294625226
5922,2272.8596439044118
5923,5345.294469814691
5924,4419.00193116205
5925,5835.003358322672
5926,1345.3899311994678
5927,1842.2661942217842
5928,1693.8109434934556
5929,10489.996004077495
5930,1912.5940227955941
5931,3832.802801083541
5932,725.4964340884341
5933,393.0891398874334
5934,695.1800590438136
5935,830.2855726092521
5936,663.5740848218953
5937,2825.2909061867244
5938,10647.41547365395
5939,13787.054848978045
5940,9023.313094256922
5941,507.6442886332765
5942,450.0979228321923
5943,12671.157197365332
5944,1757.9945949738672
5945,1077.7537938309106
5946,883.6722766890217
5947,8845.968172525092
5948,638.2945006393617
5949,2304.869656807895
5950,885.5847459185028
5951,11102.570270569093
5952,493.5451000570121
5953,1310.3456660121635
5954,631.795231460625
5955,5677.747156259305
5956,6151.061249399013
5957,1847.977977001759
5958,3225.276844102309
5959,4727.614110009006
5960,977.2430147444179
5961,1693.3126643282942
5962,1066.3030852382074
5963,7890.438866600426
5964,12081.769514245569
5965,5429.925317582511
5966,13610.054527082488
5967,897.5874754330843
5968,5658.57712513827
5969,12981.47843543383
5970,9697.796338005775
5971,783.6513926628378
5972,3768.779088210413
5973,2958.6371386119445
5974,751.0771647759191
5975,5617.760389535736
5976,2739.4049414210517
5977,620.8202469676404
5978,3133.8814807436693
5979,897.9219183833746
5980,15569.976105696438
5981,1743.770537213173
5982,2132.2200166667662
5983,4201.348319692461
5984,14121.411241440981
5985,2376.1307763125587
5986,1332.4724068490068
5987,937.1055066631868
5988,9499.62176056863
5989,4770.954064282329
5990,12905.336895841738
5991,2177.9685703641667
5992,2169.8757204909257
5993,1040.4522282173682
5994,1705.4051012379578
5995,6765.4103692497465
5996,3095.4680934873422
5997,681.1049055529072
5998,525.8197694980527
5999,7115.276241814437
6000,633.9485853982329
6001,2685.1245170821976
6002,945.8193606535509
6003,1566.3079178929959
6004,3240.559222840698
6005,1336.4019487083883
6006,733.8833696508159
6007,1686.8189977679126
6008,646.0781293705012
6009,551.4113989863546
6010,12939.94569945252
6011,7102.8514866123305
6012,1654.0046242657304
6013,868.1662718108624
6014,7394.053958548922
6015,6904.916892848965
6016,805.3981599903506
6017,1597.3641357838237
6018,1294.1046791321287
6019,831.6149886909333
6020,1880.3670319318658
6021,596.4769313652471
6022,6365.719377858743
6023,719.6144671727535
6024,2632.7086508823445
6025,2316.2652943272374
6026,4738.238990960289
6027,2566.542263298967
6028,3491.740515256421
6029,1746.2501981525302
6030,2228.6061034184754
6031,1827.0943635433593
6032,1651.8932145480926
6033,556.6855481124769
6034,975.53710324408
6035,9970.519527009206
6036,2086.984034221219
6037,5390.497928193576
6038,844.7387974857645
6039,10463.369682272723
6040,7122.51007813388
6041,3855.2791055407265
6042,1044.0516783235373
6043,1697.069073317173
6044,875.5709287169615
6045,552.0216620500769
6046,3998.85311017672
6047,1379.7257164162488
6048,6731.964255580096
6049,703.4900958057561
6050,7517.357430688082
6051,4017.7256230409553
6052,3304.895404868071
6053,757.9183045406173
6054,6542.472983262511
6055,719.7432341257082
6056,3436.0576399415586
6057,1614.1978716365666
6058,5034.532956810026
6059,4440.789941469595
6060,4127.568845118517
6061,8995.115573647017
6062,988.1663093278087
6063,4530.490533240447
6064,746.0569997908732
6065,5503.694222465416
6066,6455.784815889375
6067,874.7875675462317
6068,615.3016576259907
6069,2407.1264720771496
6070,6148.729125803403
6071,605.5217241464652
6072,2942.416986809451
6073,1446.2876329923256
6074,13859.167736396443
6075,1100.3163171864337
6076,1174.6357507026892
6077,872.3710820812631
6078,2308.8405078651153
6079,4663.976698585417
6080,932.5027335212786
6081,11850.228430013936
6082,3271.555694743189
6083,2302.7971902120626
6084,4766.510740100536
6085,16785.260219015152
6086,2460.1509852872027
6087,6407.771961445117
6088,4511.248179512508
6089,2185.5516129944835
6090,4766.27318869307
6091,3973.046328143765
6092,496.7164928206796
6093,2963.3472203776387
6094,685.257956598166
6095,1377.0163547756354
6096,547.0185339986425
6097,600.5053346114851
6098,931.8367738730266
6099,1280.720951934684
6100,978.2344158892068
6101,655.744837145884
6102,752.2619514376621
6103,1302.5127377880094
6104,4152.2184839314605
6105,1267.5969796370139
6106,2982.3888869003363
6107,1794.3141224728595
6108,1037.7940543898076
6109,672.3426101833799
6110,4867.1491509589005
6111,936.5645963647164
6112,1789.0064819033298
6113,3439.6338757975964
6114,1219.8243386154752
6115,8498.3787483476
6116,3228.8009963404656
6117,10130.982018453908
6118,4195.381607925691
6119,4594.907872890857
6120,15613.50290698684
6121,7219.453001981429
6122,2331.4519687945344
6123,1806.0970153778849
6124,9891.911930805969
6125,10939.671577440498
6126,5335.748218054037
6127,885.3913501229113
6128,3021.134183612691
6129,3204.4542352418134
6130,7443.052686942599
6131,843.5727288646098
6132,634.6678210767072
6133,1549.7645447102163
6134,2087.568466990793
6135,1005.4535628572291
6136,4820.473057241456
6137,3677.0037393527414
6138,1766.5962764336505
6139,614.1363493521865
6140,3697.527130302257
6141,4568.571421627327
6142,9139.86624639843
6143,1522.2341000452875
6144,4082.356299814469
6145,593.4078781842452
6146,1969.253239776187
6147,2151.8607986626357
6148,4482.8057212445465
6149,478.7499366877502
6150,1013.5418562325056
6151,507.2480627371709
6152,888.7994676725724
6153,4940.523475471118
6154,788.8399070042268
6155,4211.624025581081
6156,1094.287842435028
6157,9728.756151001158
6158,1401.7869056977029
6159,3321.364767606936
6160,844.7955545455408
6161,1009.3894654490085
6162,9479.31833783589
6163,2544.804996027328
6164,1687.5088517617742
6165,2989.9006346959645
6166,2743.295138475505
6167,3500.070879469179
6168,971.474733489765
6169,1045.2811069264603
6170,4848.528495429948
6171,4632.251649873492
6172,2680.4012271399324
6173,3243.8032458391567
6174,523.0891592147466
6175,908.1990770705389
6176,3765.5675033673106
6177,430.0010515479511
6178,5167.404189081501
6179,797.5536648253686
6180,8799.915878812417
6181,1751.2550265924122
6182,862.2280158149919
6183,422.6915532971981
6184,7457.035472383172
6185,4737.545521060103
6186,6363.4858239894265
6187,5199.627572812215
6188,6014.059956044372
6189,1971.006001730995
6190,941.2795336948878
6191,4451.472872741292
6192,14563.549376889438
6193,1783.3301245373043
6194,1055.3940958834767
6195,2216.140081057716
6196,6478.039708315527
6197,1870.36027060448
6198,3508.040370168411
6199,893.5733269555651
6200,1771.196375656133
6201,10388.544603394566
6202,1732.3630846605238
6203,1678.6113805141438
6204,1460.859729285228
6205,631.2470598246456
6206,2998.5865148136118
6207,6447.302411909313
6208,2786.637373427734
6209,2304.6300117886476
6210,4447.808534635035
6211,4195.359566125531
6212,1006.9731662875364
6213,1731.4451363124672
6214,4567.0205891055975
6215,2022.6259491904686
6216,1339.887445565919
6217,12670.959968820258
6218,4143.822222572143
6219,1570.5879128866782
6220,1012.6483617202784
6221,14113.376892166027
6222,1699.3417548773455
6223,2302.760530000305
6224,1597.5205939144973
6225,614.5778086162655
6226,14217.769436335357
6227,3612.145265650148
6228,868.746348075374
6229,1697.33812132407
6230,3515.333711186329
6231,513.9605802307251
6232,16548.230930720354
6233,2987.779248600761
6234,906.097765033313
6235,14750.270441102333
6236,3818.9769862571015
6237,4308.058919841007
6238,579.770942380757
6239,449.25990901255557
6240,4442.050609666763
6241,12964.711336504964
6242,4591.511971291674
6243,2653.9313339267724
6244,590.3973114244542
6245,1801.80228444794
6246,2056.657168098694
6247,8498.741366307102
6248,1046.953532873927
6249,3021.4716416315982
6250,6136.475613817842
6251,2312.7740395618166
6252,8979.993651030749
6253,4252.319293188194
6254,2332.1343077751544
6255,10853.712253838943
6256,472.17302543383386
6257,814.168385409546
6258,2119.5474666985388
6259,4611.85703035848
6260,5526.283925629427
6261,1875.8299887831924
6262,7455.81745533346
6263,733.7556135301036
6264,689.2814898746491
6265,2955.411785473209
6266,867.5484877666465
6267,2689.930299057573
6268,1130.0695333208719
6269,10942.675215245452
6270,2242.2948535738515
6271,753.5574029567438
6272,4685.027351082792
6273,1695.5218299885323
6274,2300.6648497084097
6275,820.7791582745144
6276,4890.901348190535
6277,8346.946168734541
6278,11526.534308208096
6279,2777.8422256174863
6280,3509.091294987901
6281,614.888752046235
6282,1877.7173552168513
6283,6771.944246114971
6284,633.3059741728932
6285,882.4912778516862
6286,903.3407907358115
6287,10496.566272955162
6288,15132.954679185359
6289,1315.725686753626
6290,15329.309798222896
6291,1522.162669101889
6292,4829.262971455671
6293,1870.073229477453
6294,11362.872706937793
6295,1982.20757137959
6296,5155.176148936564
6297,16417.735588230847
6298,3281.6045371429805
6299,612.5495823629183
6300,3502.9114726806033
6301,1510.4253319241416
6302,11021.206566995288
6303,764.0239281673132
6304,1798.9470549666285
6305,6844.885513269678
6306,2137.9479993379678
6307,4502.164253500736
6308,622.451240131173
6309,3907.8795839739682
6310,2510.688545389793
6311,11448.517834583663
6312,12428.070079067938
6313,808.5063925245394
6314,1621.173962034025
6315,14850.65669596645
6316,661.2464323193497
6317,482.2907637653608
6318,6975.531801111195
6319,1264.0355946701814
6320,7505.185886463697
6321,4821.799456216456
6322,820.6960496032522
6323,538.1240460074181
6324,6675.793146626251
6325,3925.645709455475
6326,1102.0648713377382
6327,6458.803691005728
6328,8694.023170116749
6329,764.366322061734
6330,2949.4892860765585
6331,1243.511704636946
6332,6701.105628090343
6333,7967.387949305501
6334,11633.694451886553
6335,9644.292399483369
6336,6679.738088341666
6337,1870.5745618444207
6338,700.7845801599962
6339,5095.739453922917
6340,1362.0721448833137
6341,2552.855740401271
6342,14116.558664174445
6343,971.2486817194047
6344,5956.099717734066
6345,485.19672240045566
6346,1377.1620917380003
6347,7061.060318322826
6348,6876.940850869054
6349,2099.3703466748298
6350,4985.005289825486
6351,3304.057750689886
6352,1851.6874409610139
6353,964.5283695829522
6354,1329.5523638712184
6355,851.8626482324217
6356,3161.044228623324
6357,2510.9607317350715
6358,1703.4027233837198
6359,3159.978161276818
6360,2093.319054222032
6361,808.8826575186243
6362,1754.4396657097116
6363,1266.0394951367364
6364,614.9607928221084
6365,4527.664756966124
6366,4675.29509839981
6367,904.1628435029127
6368,590.7210939950955
6369,4616.985934667048
6370,5629.574292748139
6371,5279.455677398092
6372,9492.307527983437
6373,1948.3838630974842
6374,5540.91536015892
6375,6470.135785476164
6376,1332.9830842624701
6377,10813.049573948761
6378,6427.457777486524
6379,3048.2856511378695
6380,10225.96082803097
6381,682.0682748819064
6382,12357.73347055059
6383,529.9988323159521
6384,5168.569968490427
6385,4877.626317908303
6386,2006.335385111443
6387,15856.150751816673
6388,666.7914873884715
6389,834.6939670479356
6390,637.7913052906723
6391,696.8285441742704
6392,1891.1348114148411
6393,2781.11480075958
6394,819.4606550604474
6395,506.5979921010977
6396,7403.330499174823
6397,952.5901610739118
6398,3297.7619731321806
6399,10055.546875
6400,542.3308178714497
6401,15812.740983277667
6402,1434.802435477758
6403,9300.72187924939
6404,4123.090053706344
6405,737.3907570440293
6406,1924.7794474865873
6407,5590.82535058453
6408,5541.205726277847
6409,532.2806323622456
6410,2009.6105662680354
6411,6828.151829684527
6412,1648.8466640817323
6413,1884.0226206473171
6414,810.5540904129261
6415,16789.918929022308
6416,1235.747505632722
6417,1058.4661161334093
6418,8791.142578125
6419,4886.082871357572
6420,13632.192974245689
6421,575.1078358793437
6422,4352.537971579835
6423,1879.5670152406713
6424,1954.7199042428444
6425,749.8707105177626
6426,1603.6043978151351
6427,4431.860408479867
6428,919.1842802957618
6429,632.7071631794543
6430,1342.563951417353
6431,7194.104983086796
6432,703.5350077582036
6433,6579.013627972194
6434,11094.675178773969
6435,859.4308193028415
6436,2350.2409570971035
6437,1901.6773541547245
6438,637.0114980765045
6439,2754.4930203167337
6440,15269.1066669158
6441,4538.864280564375
6442,1994.3984807109887
6443,2701.5619046133293
6444,1934.2362444717521
6445,879.8090419538245
6446,1411.1169446505955
6447,14217.769436335357
6448,10623.198601208856
6449,657.3480130367238
6450,4755.624145642122
6451,2559.446662647941
6452,4520.94569590578
6453,429.5077109933424
6454,11270.688183452638
6455,7789.422607513455
6456,477.1247485487183
6457,900.7901405714778
6458,1369.508746424265
6459,809.9393450712906
6460,9166.450613839286
6461,10470.837860695125
6462,4905.84381614996
6463,758.3193391590457
6464,726.5800128970569
6465,1407.3428707062253
6466,3789.720363683108
6467,7976.526405119558
6468,6610.591902384655
6469,4578.191238397136
6470,643.4162816328171
6471,1118.4438604887368
6472,2227.1521249960056
6473,2260.741061635355
6474,495.1060484906119
6475,3635.1414804762358
6476,2534.576437387835
6477,761.6309444525275
6478,5950.976527297856
6479,15772.036082320372
6480,664.3906352631631
6481,2530.2764515264084
6482,923.584484054291
6483,484.1795388790946
6484,628.9741583145504
6485,1842.9576103545567
6486,3042.107379396225
6487,906.1259862252552
6488,6966.922852933131
6489,11375.653996624704
6490,15010.420570283064
6491,6468.13114101014
6492,660.6457400977522
6493,13750.698248171602
6494,2920.5642214810887
6495,480.2671077138177
6496,4233.197675914958
6497,649.8268630997871
6498,2852.524516043025
6499,6032.794690356002
6500,1051.3652174184633
6501,883.6370464059593
6502,2081.5979191550337
6503,825.7490261835237
6504,4650.0401563966725
6505,7365.972468546463
6506,5153.857261777797
6507,7286.549498914836
6508,2970.0739863977187
6509,571.661326605088
6510,1592.6046138831705
6511,1636.9562093026805
6512,2298.2793860275447
6513,5495.6772255589985
6514,3676.215655650323
6515,15777.522646160449
6516,1335.420422896129
6517,6347.349717186467
6518,5694.543362833256
6519,1009.8353079628711
6520,17097.264537306983
6521,7094.445814274921
6522,601.9355787992384
6523,684.3923920354591
6524,9503.258609175931
6525,4137.702530057861
6526,8108.28098920866
6527,14938.675267316077
6528,911.4086571900103
6529,686.0372850139971
6530,690.7623739957345
6531,1314.6999492545249
6532,7937.860705339545
6533,5354.726298347084
6534,3131.9161313541435
6535,739.8671121017741
6536,1513.6867572022581
6537,496.3961556343293
6538,1188.735220693348
6539,4505.582966136129
6540,14372.98142089306
6541,1690.9706372503574
6542,12134.095441809257
6543,511.4834699804486
6544,12373.339142036173
6545,4090.9463882658415
6546,884.2872058103225
6547,9370.7856529277
6548,2467.114932475286
6549,797.7105071837016
6550,1673.1356036009752
6551,568.3630714298746
6552,17113.041353803637
6553,1015.3989150021606
6554,1292.247071985326
6555,1864.4694554714383
6556,811.455250303311
6557,4939.2619695572685
6558,5318.650314583702
6559,17153.61079732722
6560,3172.7975302825666
6561,11001.045263493894
6562,680.8459324609025
6563,1159.7173892558196
6564,4233.043121017268
6565,1943.074546166445
6566,1738.0154662347206
6567,4455.421056029807
6568,1008.7816772733988
6569,667.5935107013811
6570,5209.005503193339
6571,14762.908305567002
6572,12556.63407162211
6573,6092.926105111942
6574,2059.218985601452
6575,3999.2914458900295
6576,4321.280350424857
6577,8757.48884858989
6578,728.3706336292802
6579,1679.3721832995652
6580,1706.6327841324628
6581,565.6442165792214
6582,1688.5960656204263
6583,4001.530484617379
6584,1383.1638861172023
6585,822.8797132242289
6586,5023.017509779907
6587,521.8395135546481
6588,608.4084971902518
6589,4443.150174428605
6590,524.0413197327355
6591,755.6352104170674
6592,5289.8579062704985
6593,16780.531843306497
6594,15592.72701895208
6595,798.9987323102836
6596,2814.816387744927
6597,5447.368086673103
6598,13000.27274160375
6599,7920.8872364383315
6600,831.8697228585654
6601,4001.818781190846
6602,1039.5946128110768
6603,3286.700708235295
6604,2089.303229188433
6605,1020.6261538590614
6606,732.5143368694553
6607,1779.1886324413108
6608,1066.078881231031
6609,957.590754449959
6610,1107.7696806674048
6611,1347.6677640843263
6612,3400.393562979533
6613,1037.529334430292
6614,5296.0136791059485
6615,4907.18936661212
6616,1326.4132344245465
6617,5960.100434238162
6618,13511.771334152389
6619,8849.54949207353
6620,16694.40957958287
6621,662.0631683999185
6622,830.4373608658245
6623,944.1605582599607
6624,10082.612679440796
6625,2223.3092662260547
6626,3532.356107941546
6627,881.8623728214061
6628,4993.7039679028685
6629,12049.387985625108
6630,12524.821372347127
6631,13853.182925108473
6632,2086.6700418957553
6633,743.4810818494063
6634,485.7458649054603
6635,673.4220253276764
6636,1156.7170976997375
6637,2212.1858694387533
6638,10764.01207796052
6639,3821.912829220891
6640,2665.0847901588218
6641,5986.9128363007985
6642,2213.16513847321
6643,5886.186229227452
6644,823.3104389799332
6645,4893.234762267672
6646,9778.667859256455
6647,1742.6313034791535
6648,800.2863845356378
6649,5156.123207776548
6650,7105.517702799588
6651,1040.3681186218705
6652,1976.7293292887211
6653,4709.559301169165
6654,14350.120268878141
6655,8484.25793397352
6656,768.4307744335458
6657,5101.531645555774
6658,5722.56003219425
6659,2538.728050505754
6660,10741.27535717317
6661,2408.0991555702813
6662,842.3088532892068
6663,8965.312064750126
6664,5469.0514900441285
6665,1918.543343652128
6666,597.5595456027431
6667,12315.2376862352
6668,2129.7568359375
6669,3207.7567691615686
6670,3134.1326944189136
6671,6431.937559384072
6672,1028.6669063686893
6673,772.5084526270706
6674,6390.196442142997
6675,684.3496370657207
6676,713.8937561068308
6677,7113.708097448638
6678,895.2009416821298
6679,4081.438177818033
6680,12361.358165637277
6681,7387.989157612631
6682,1256.2943839021502
6683,1826.1288336203143
6684,3504.8445077646506
6685,4646.16962761943
6686,4731.3467358376665
6687,1695.1160860005978
6688,2212.08782429084
6689,2332.1419389277703
6690,901.947392384466
6691,3136.714251954161
6692,646.5069767378769
6693,5354.004348977918
6694,1314.0562312073134
6695,2572.987908420863
6696,15987.850891173875
6697,15543.319857659435
6698,717.4513493664195
6699,741.3161727278749
6700,4891.587513620717
6701,3104.341721015007
6702,529.6642979475745
6703,939.1007232437804
6704,13234.806623005214
6705,4937.964785284812
6706,744.3218490149202
6707,655.9612928638708
6708,1383.162956523068
6709,2536.7251317191512
6710,14940.703469174985
6711,818.8743391561115
6712,4184.517692321802
6713,3134.2495080880362
6714,5056.475185029018
6715,4671.306873545162
6716,2477.1884762864643
6717,6630.762706876271
6718,2467.3522303844516
6719,7338.29238423667
6720,852.1049442218294
6721,2012.1472527902672
6722,631.3793574511875
6723,2157.0779286111333
6724,6106.792284911527
6725,2733.5277486206737
6726,1339.2185436267505
6727,8003.1360126206355
6728,460.2018858585776
6729,2896.432552061794
6730,2336.3599557989246
6731,1057.933740949287
6732,1433.29533904918
6733,2668.253376590035
6734,5182.495280107228
6735,3789.1809672843824
6736,2611.074178783608
6737,414.77422391052477
6738,3282.3649206772084
6739,1752.9283498818559
6740,2615.0772000195384
6741,496.704422315844
6742,2648.782203841945
6743,4900.991392877655
6744,524.8573041543856
6745,4822.630119766258
6746,633.8147967827981
6747,12452.505458674355
6748,2171.5481380469714
6749,679.6412702123099
6750,1699.0608422298233
6751,620.6222226981071
6752,13111.90139143439
6753,3154.4145496189185
6754,724.7950146156443
6755,1216.2392795434714
6756,5900.636850468949
6757,6902.596473310442
6758,2846.4023030415788
6759,6347.478125619117
6760,2926.544172640511
6761,3364.5405194229697
6762,5456.751540244517
6763,13374.263105862083
6764,674.0859181475628
6765,889.5862431421824
6766,2279.1197094054314
6767,6540.579184541046
6768,627.6394689409843
6769,7315.4738836859415
6770,2227.840697744827
6771,6136.604057839227
6772,515.2934712791211
6773,852.3336617815639
6774,675.9011426574845
6775,2009.6803357763738
6776,6064.24247461125
6777,5002.284816363465
6778,441.7698100138844
6779,16912.794402629803
6780,1744.5566374738894
6781,1387.6034641152235
6782,814.5228710048865
6783,2908.1375594896326
6784,9832.294601439911
6785,4880.675060665842
6786,1010.4362272203913
6787,939.5762229398499
6788,4268.856398167258
6789,1328.809463182373
6790,1306.0218616972015
6791,3842.402367928204
6792,11493.710719189312
6793,1225.9309485178471
6794,2968.522650096084
6795,6922.118968529716
6796,8211.922413716906
6797,12858.007589285715
6798,888.06513671875
6799,628.2829728355597
6800,714.3114582061438
6801,2131.8980767948083
6802,5103.593127142999
6803,2476.2647113525536
6804,2179.0574089216325
6805,1709.2771271947156
6806,2115.6344218613676
6807,747.3612611847742
6808,735.8002059700326
6809,10625.893262512014
6810,742.948029819397
6811,2273.3579366476874
6812,2884.8791784170426
6813,4207.141496116594
6814,560.6194666575984
6815,1968.196134861495
6816,849.0330590395141
6817,506.54436530793714
6818,1039.1462324443899
6819,1030.2259772799925
6820,1595.5633552893623
6821,9067.778727795838
6822,8493.024153058146
6823,5157.001314473644
6824,5442.869003524736
6825,787.5587257100219
6826,1050.1283724985296
6827,855.86351379887
6828,1272.04589856272
6829,2146.482288702787
6830,1224.4329155575056
6831,729.4952632122014
6832,4312.563625073157
6833,8825.90061798353
6834,4159.581389824599
6835,9653.575027550703
6836,547.5392562893257
6837,603.7932989775722
6838,797.0310555374407
6839,1144.0955542712586
6840,12812.096179481763
6841,1568.6591653677144
6842,1987.0700740899404
6843,6292.152772311951
6844,15394.339621392186
6845,3046.9867315753786
6846,946.7711085046615
6847,5241.738943156244
6848,11502.086085309611
6849,3394.4327149683486
6850,9028.078035534576
6851,9340.583833535571
6852,4338.050867236275
6853,666.401357747645
6854,3557.489537112643
6855,794.9474483324514
6856,3339.7731297545392
6857,4292.1055928648475
6858,708.4282290408247
6859,4007.655255522957
6860,3409.169673217767
6861,5717.693270565933
6862,3893.2466234217936
6863,3834.0913673070136
6864,6472.547970577443
6865,711.396121457087
6866,2011.966604239169
6867,1020.122605767864
6868,2358.4699155215185
6869,10055.922759227793
6870,3626.407557577506
6871,1625.1641313707726
6872,7418.8344696721715
6873,2763.5193036485084
6874,7297.809192952297
6875,12446.928721373204
6876,795.6223136236841
6877,3222.6961652920827
6878,11350.69242726408
6879,3461.85142332765
6880,4075.0097933142315
6881,2256.402727209156
6882,3420.6444167569616
6883,1537.7458140468614
6884,1943.291907044438
6885,4770.545804314801
6886,724.4307946549807
6887,803.3816882464174
6888,1030.8520569918858
6889,577.996124089738
6890,4880.811765807422
6891,16821.432947355635
6892,776.2114379234255
6893,720.2439149372984
6894,3187.7799070095193
6895,595.7307752212649
6896,7497.808769370863
6897,6825.172453147488
6898,5947.255806960444
6899,1288.9481631407527
6900,774.8476118163559
6901,3441.882285653179
6902,3866.5863185883973
6903,779.2678930461834
6904,637.9315906449415
6905,12748.001837634536
6906,852.6731167865235
6907,9535.305229933523
6908,4999.365304286872
6909,481.662503109794
6910,9276.569458463813
6911,15786.237981865363
6912,3395.450700527617
6913,9389.577692830082
6914,885.9323566299149
6915,948.824411854609
6916,5119.14648325005
6917,686.4538617244867
6918,3921.7861253766405
6919,2973.3768272379584
6920,5365.140154459086
6921,677.0997223589968
6922,700.7294167507993
6923,2164.0101656055385
6924,2181.7921889313147
6925,17828.122449632767
6926,1264.4866769674325
6927,7204.481054046068
6928,632.6453075783459
6929,1782.878351995915
6930,488.96568481416165
6931,637.7137575006991
6932,1213.567063430535
6933,6875.593576415614
6934,2633.008027164589
6935,2908.9154751939186
6936,15694.965890641619
6937,883.6470335234709
6938,2653.482324641541
6939,886.6760470131796
6940,2788.3011194687797
6941,790.8934960109973
6942,5208.9715540652605
6943,10907.389994857307
6944,542.7824558414012
6945,11160.759274425378
6946,848.1282936074618
6947,1445.2252362393804
6948,1099.7077684746203
6949,4587.675882722295
6950,3115.1838908007367
6951,1709.2281683640163
6952,7854.176342859701
6953,2401.0748316074937
6954,3897.832824373381
6955,856.0110466105507
6956,4550.271841289394
6957,9917.420391400228
6958,4490.060373447129
6959,797.7089863032268
6960,3488.7643196050917
6961,834.3416504814818
6962,513.6646833635918
6963,1531.9531061768955
6964,4491.279671752928
6965,12135.551817922567
6966,5533.218056208591
6967,16484.413050871208
6968,1028.9298876159728
6969,530.3995202413575
6970,882.071474306447
6971,1027.661080536264
6972,1704.9211548555852
6973,1657.8008106845994
6974,701.890121149418
6975,4166.743787408431
6976,13725.46365292107
6977,7021.89856951363
6978,3985.1073627949318
6979,954.0670664939017
6980,4097.145668657416
6981,11318.16931425839
6982,4953.22491297967
6983,5403.641213450671
6984,1883.9213917678505
6985,4346.247290009345
6986,836.1708491317091
6987,1899.6297858804633
6988,607.3895815174062
6989,658.5527147426827
6990,2368.7106221712206
6991,4114.347153660092
6992,1661.5995906683513
6993,549.5151329597298
6994,8485.532902672705
6995,691.4259973011095
6996,17282.630878938387
6997,994.5805682806563
6998,1865.9058869336245
6999,3627.705969203213
7000,3159.4126346322587
7001,541.3868684643477
7002,509.83287826409895
7003,5838.652147401793
7004,840.36223515737
7005,1766.5697283554252
7006,754.5431363043848
7007,6800.7186460809735
7008,2488.1092706487684
7009,761.5425773312294
7010,1039.727614112768
7011,6719.509548876962
7012,2465.0241410174353
7013,1220.6240752970405
7014,4304.113486988851
7015,3708.8312383767725
7016,898.8088184913643
7017,3577.187942395106
7018,4191.956421358621
7019,7704.725184040015
7020,829.1659464262314
7021,10703.957315030433
7022,4797.447573258375
7023,4752.2533187569215
7024,725.504437115542
7025,628.4997469148267
7026,866.0129813797872
7027,660.3986287198179
7028,9467.771037853741
7029,11737.192337679247
7030,7448.36601380087
7031,6594.893108626608
7032,6697.178181715856
7033,6139.66249115739
7034,6320.413094026768
7035,9488.28080799059
7036,2739.90197385461
7037,1897.9406492551968
7038,5725.076499614537
7039,695.0924689043646
7040,7547.3880278226425
7041,4297.841775367837
7042,4417.151701474157
7043,7083.702410468321
7044,1480.8223378699236
7045,3557.4472108416753
7046,1382.0056991715294
7047,2694.6463464288863
7048,1200.1756017738699
7049,2353.576289900895
7050,4198.438976429352
7051,1062.959561719948
7052,850.174520201153
7053,467.1775857176084
7054,572.0210546843444
7055,5701.556290468921
7056,5306.653621405723
7057,1800.8295148975462
7058,720.822690784478
7059,1373.8301559548893
7060,411.1798678474066
7061,1805.133993984129
7062,1807.9658458352924
7063,1231.2061260018431
7064,1175.3029638905057
7065,3147.0191351421076
7066,557.9453224578715
7067,6612.505948022345
7068,1515.0206077361042
7069,734.9419182928808
7070,4652.846786233181
7071,2061.5345214248027
7072,1782.0993322251213
7073,6770.483990646915
7074,734.3702214077294
7075,725.1833280399386
7076,16360.731311615342
7077,10799.780391111126
7078,4146.469611467329
7079,1980.6591753999764
7080,2623.7155353489075
7081,664.9486530533326
7082,12589.732250665187
7083,11084.667579471256
7084,4582.928161355195
7085,13125.72377712748
7086,748.1301403118973
7087,2436.8662615495227
7088,1652.287883423361
7089,11754.77513068311
7090,3588.5053561802283
7091,4730.005483298175
7092,1844.8789019785052
7093,3776.764215394781
7094,1106.9975864333394
7095,586.9360106101003
7096,1359.1283250922013
7097,16477.279088958912
7098,4467.08017851947
7099,1230.6421648101189
7100,3125.842693073789
7101,2645.444908177943
7102,3191.370063973751
7103,1418.7142264215834
7104,2961.4630781397373
7105,1426.3603412025338
7106,740.1544408371295
7107,5043.573805712869
7108,2684.612625241111
7109,1262.2755750740143
7110,1905.4420484517414
7111,4123.692026002271
7112,6733.060763395007
7113,917.665674198846
7114,981.7846357738952
7115,1832.1317508222394
7116,870.1576088538983
7117,2864.5681301396853
7118,886.6371511403792
7119,864.6405361680856
7120,3357.5945352197245
7121,8473.574032237042
7122,8409.831127604988
7123,4815.072407887309
7124,1016.4638778633996
7125,3108.8298061485966
7126,696.3750745053677
7127,731.6035806981342
7128,1936.3223852638218
7129,11575.684032934296
7130,4789.626844618056
7131,710.254005784863
7132,1619.760799818206
7133,2942.2463586782847
7134,728.3349464767498
7135,3626.16536856316
7136,761.8204388910403
7137,834.86202951288
7138,1777.046157875861
7139,886.6305909883557
7140,1191.8761741448395
7141,7313.515561316199
7142,6424.921678492277
7143,679.8823150880769
7144,1249.5396998274105
7145,2915.3760843876407
7146,536.6596396874945
7147,1012.989101937018
7148,15791.608003327712
7149,5649.0219928960205
7150,16136.758224704166
7151,2483.938069836966
7152,958.7471811905626
7153,7188.348744723686
7154,11408.502430604018
7155,705.5673542525672
7156,756.8961302602983
7157,5391.558906028837
7158,5093.548717909243
7159,7086.51311027255
7160,631.3654032351177
7161,10822.906998319613
7162,6788.245270449739
7163,3021.7317891316934
7164,904.4611188259547
7165,1741.1503268935141
7166,3217.5811298514723
7167,6260.963641648065
7168,837.5968345861459
7169,7787.886311583064
7170,2229.4817839258285
7171,2595.9821872521607
7172,712.9262670936834
7173,1978.4439478602353
7174,4001.1298888916635
7175,2300.8782079507146
7176,533.1273233854721
7177,7191.248862498206
7178,15607.426676801877
7179,4317.277260016932
7180,1992.9350854176982
7181,2881.532686911556
7182,1685.056042478799
7183,4619.187214143707
7184,828.8422015203595
7185,1143.5925708346338
7186,1499.8098074331333
7187,9982.389310470575
7188,11376.918360511374
7189,580.191518135524
7190,6753.16500323136
7191,840.7507141190224
7192,2323.7587240489693
7193,1338.260397903863
7194,770.8652378341673
7195,1217.2001058785568
7196,1453.4421158376717
7197,5078.461559879746
7198,12450.952608420886
7199,707.1293309748082
7200,768.4967651996277
7201,580.7663074285446
7202,4287.133606683477
7203,687.2142069269723
7204,2762.2643650270516
7205,4786.279605060825
7206,712.9730760746925
7207,724.8490789516137
7208,465.8974511084635
7209,1703.2803347876966
7210,599.1743351670406
7211,3113.1196849184207
7212,3352.184779875343
7213,14130.47031241937
7214,4242.809200152316
7215,6920.503291177527
7216,1254.6792537013484
7217,2663.794455363125
7218,4832.237791556569
7219,1544.9186573775437
7220,3803.0092024653936
7221,5457.363937924746
7222,6736.212105980355
7223,460.2693848718083
7224,991.5189863327178
7225,12378.163990673263
7226,1757.1317093711966
7227,1686.8635512557967
7228,2888.9938928832753
7229,561.5571612563979
7230,3102.961902279304
7231,775.2174235595133
7232,964.9398023747539
7233,516.7995093762754
7234,705.9390890528861
7235,1154.2796873125594
7236,999.3960369321544
7237,495.01024949240764
7238,3787.1502759258747
7239,2979.2324459439837
7240,11652.097053002122
7241,955.332633669337
7242,791.9886645682736
7243,3698.554925880232
7244,812.1641598175659
7245,749.7728465846909
7246,3510.7411180273048
7247,777.0774363358169
7248,2001.4621765232287
7249,1780.2264504534146
7250,4292.215332013114
7251,4669.602799461356
7252,2544.280335720372
7253,788.3212353540953
7254,9342.013316447361
7255,527.8273107321724
7256,679.1266750358415
7257,7630.329813179809
7258,882.1313460683709
7259,2896.2633024139154
7260,3249.529211641883
7261,16326.737327922725
7262,673.7778873905008
7263,3141.163256045767
7264,888.1501992717841
7265,1149.1272432972917
7266,858.1206368292904
7267,420.1049703418819
7268,11875.431220615184
7269,10363.759013310902
7270,6464.6992264001265
7271,13879.472289003434
7272,3990.5758693957787
7273,1335.9103491628055
7274,1883.6895788233755
7275,5626.021524005821
7276,1220.280144418954
7277,4671.13823005528
7278,825.0808995910251
7279,867.7301229089617
7280,1601.7576604981498
7281,4248.5535550887325
7282,8583.007431482094
7283,15456.072859287371
7284,3992.6922012300474
7285,8766.820243284239
7286,4404.78016553158
7287,782.7836483960433
7288,5866.532168613677
7289,846.7184224936384
7290,9177.722425206812
7291,3251.1340877514217
7292,843.7789424519653
7293,507.9434951844552
7294,1657.1266728998476
7295,486.01494931985167
7296,6577.953603818874
7297,730.1217030369708
7298,1061.5372846613243
7299,483.64960368163815
7300,651.1914204731618
7301,4191.55037851271
7302,1331.684036610242
7303,7610.893271557918
7304,5835.051900259393
7305,3514.3712669980455
7306,584.6989883990985
7307,3267.915198722719
7308,4821.032228529159
7309,431.23217132262704
7310,4604.8709784289695
7311,15844.6806640625
7312,8727.98718190155
7313,3609.573787830969
7314,1638.5696899403029
7315,874.5685859103666
7316,808.8768905167585
7317,868.3658875711109
7318,575.6590119880079
7319,582.8121615592091
7320,1044.1354890367213
7321,2290.112785760035
7322,6746.358421760362
7323,16851.309100811297
7324,1204.1649212661691
7325,662.5448351711683
7326,988.4720284337428
7327,15992.094588082562
7328,6520.529149916152
7329,12588.786099964489
7330,5327.423290595876
7331,1917.9551799664875
7332,2980.4724978174563
7333,3979.011852423915
7334,3988.4478399397485
7335,900.0815697165351
7336,1785.9792613770044
7337,800.9574994762013
7338,3652.8654235859294
7339,854.1878965917255
7340,1825.7242054018554
7341,764.724525815981
7342,802.0051548624679
7343,9397.078739411967
7344,912.3594474737861
7345,6923.7550457385905
7346,7429.2995365145225
7347,14344.355885469626
7348,774.815586212838
7349,1460.279871906332
7350,754.0585059732172
7351,1491.6824725287036
7352,7587.596252884931
7353,685.7550590583619
7354,864.1212647743904
7355,2550.6161164997084
7356,643.0258480991127
7357,7671.267542069971
7358,680.2520871239791
7359,4132.076452903424
7360,1729.116193221846
7361,458.56110173125217
7362,3440.126838401384
7363,4372.951987275781
7364,1105.8049490014423
7365,782.9972648458149
7366,2947.8672638675844
7367,4143.5554078561745
7368,6021.900362846506
7369,7592.868354215491
7370,2214.9992584711044
7371,4869.301601898363
7372,12421.291476075998
7373,10778.633236279264
7374,3946.3135730078347
7375,7048.15151638455
7376,5244.3014042047325
7377,2821.7923472299262
7378,553.2317430255395
7379,7733.897566762234
7380,778.5631759813417
7381,497.2602670118974
7382,1654.3469046807836
7383,16646.241816553196
7384,4910.5722928636915
7385,753.0592533612469
7386,7423.368446611422
7387,653.5439789160565
7388,5324.772299573881
7389,969.1284841613193
7390,3917.135228559459
7391,6799.5923551785
7392,1321.9604416387583
7393,2557.2283020173554
7394,17048.35370453006
7395,5585.079149531744
7396,5399.059312999721
7397,17662.802848881103
7398,5958.499650553813
7399,1709.1929406234954
7400,14630.972212042801
7401,1650.0482920111544
7402,1866.9233155363256
7403,728.7361887520537
7404,5088.2030714891125
7405,1979.231927465215
7406,1791.762214102793
7407,2506.5086675638986
7408,2321.085634076971
7409,846.0697727041261
7410,7067.283677503824
7411,14308.695570298962
7412,839.1586735779694
7413,1207.96564475724
7414,1024.2249426915723
7415,1735.8792642139126
7416,2959.204739297886
7417,6771.193202101046
7418,3620.1804318114764
7419,1723.2842911203722
7420,5595.0129370807335
7421,3518.329354473685
7422,674.6998789084857
7423,1938.7557512662904
7424,4734.952084932312
7425,6400.111693954354
7426,1706.4827918440587
7427,1196.0611357198818
7428,4419.640933620299
7429,5334.391351102125
7430,1120.9067750179013
7431,1607.8015745275386
7432,5409.896080057486
7433,8709.005875852652
7434,6425.434197197005
7435,738.8330786002347
7436,700.275924323689
7437,16258.27748703668
7438,6778.192106962714
7439,882.8385779739104
7440,5062.472430566802
7441,874.3528270164801
7442,402.6382641948823
7443,990.3660591817787
7444,1919.3542139299707
7445,2200.9089932967713
7446,13854.478493823995
7447,15674.025880235908
7448,704.139512980314
7449,5897.5076104199825
7450,4355.003528852152
7451,1871.6363015164654
7452,2656.6385448050723
7453,490.87809482608066
7454,4570.208036629645
7455,685.4546973528886
7456,1846.0561562074863
7457,813.1115041448056
7458,4759.668152319478
7459,511.3049664222929
7460,7743.213136477358
7461,8529.959803195416
7462,12754.97360151232
7463,2878.204750113903
7464,633.6739595756065
7465,11372.216387470819
7466,682.4331293930528
7467,3483.056034771528
7468,2143.425962452066
7469,6316.366449419958
7470,4592.580773870477
7471,1495.3132875760905
7472,982.8155686478126
7473,5734.251092845339
7474,15669.580243787888
7475,1042.216116337403
7476,4005.113455026265
7477,11002.234385633768
7478,4222.745211207413
7479,1824.728735816625
7480,2524.5356909739953
7481,1901.9177537151338
7482,5345.447808243988
7483,824.7251089908345
7484,15967.750198483158
7485,1255.54573769353
7486,5172.294259997138
7487,2430.668935065732
7488,7654.788821462384
7489,9914.03465481797
7490,1277.9279965237165
7491,702.1237720100695
7492,6950.604759997814
7493,1994.7752407944113
7494,546.9582018410438
7495,663.5523352882648
7496,2238.8596987823985
7497,720.3890467319017
7498,851.5289442535535
7499,5641.7061286902
7500,3189.8463327127533
7501,6593.4023482008115
7502,1083.8922189523678
7503,882.3132108013376
7504,601.7280672204619
7505,16152.06466991125
7506,6144.336006651572
7507,15213.827803927805
7508,5718.049841672322
7509,2091.71600816315
7510,1138.806191864522
7511,1932.0011164694015
7512,1320.4771073348825
7513,11560.777773031383
7514,4347.533545149831
7515,1630.7374271469866
7516,2101.31220845283
7517,6906.773988613579
7518,457.4888699738504
7519,1846.756081629022
7520,8388.366118289236
7521,4139.936073788688
7522,570.8534985944406
7523,745.5160857790098
7524,1603.8441758793992
7525,648.8958395318878
7526,4638.161206009057
7527,543.9727097586366
7528,5195.163044836359
7529,5439.713489442357
7530,4778.4833917477135
7531,7724.856896135926
7532,11997.643646707458
7533,1372.6048271117377
7534,2216.397085578681
7535,5023.1406781552905
7536,1733.3258505995675
7537,4729.479380964688
7538,1582.1083497226057
7539,5329.479991050377
7540,8443.465346633357
7541,497.5464186815156
7542,412.89647879756257
7543,555.4437676726747
7544,4357.813710319147
7545,4802.3008011798665
7546,1151.7360537480058
7547,559.8984451077304
7548,577.9598821170471
7549,900.6495315545378
7550,2523.792085157792
7551,999.1659348319783
7552,3314.5423860995847
7553,2135.590314547007
7554,3529.6408934031124
7555,3548.267602356778
7556,1045.2195400685478
7557,14299.866434373307
7558,5179.4304285403705
7559,8694.35972719209
7560,7511.965267050981
7561,827.2625253779892
7562,3125.8943232539095
7563,608.9678194598966
7564,8752.622265805796
7565,696.655472594078
7566,898.9613179784476
7567,7101.316773131318
7568,4226.814435667751
7569,6117.017419113359
7570,671.2906530651517
7571,1654.3259343214127
7572,7290.577674352076
7573,492.62983440149907
7574,6548.620478864213
7575,1029.9162337466857
7576,410.05044817825296
7577,1928.4999761552767
7578,1707.1923201634945
7579,5871.161142629591
7580,1028.9338855011179
7581,9406.143682579057
7582,4734.440727515875
7583,3610.3591357710357
7584,905.1452096477291
7585,5321.462386091629
7586,507.3220631279401
7587,974.3017278125908
7588,12506.619555190076
7589,809.0104412058851
7590,905.2328555131947
7591,3922.0449852338347
7592,2634.8012764779996
7593,8077.688736156536
7594,2665.7382349161508
7595,2744.8640467036803
7596,1433.374422399239
7597,848.1035786421273
7598,4331.778764420012
7599,902.222961691169
7600,5941.9622105168555
7601,597.947638754854
7602,1288.9514962402807
7603,15801.93606218468
7604,2842.756216121411
7605,579.700157345239
7606,486.30926490442465
7607,5747.626162162002
7608,1502.7754271089316
7609,801.0453185659006
7610,4207.676963338278
7611,8299.755010758985
7612,5331.262567645517
7613,1133.290673720148
7614,4415.478956739424
7615,8773.47442699601
7616,3795.2925676179048
7617,730.604396916983
7618,4332.848368039513
7619,4666.2884747418775
7620,5326.318876234244
7621,2888.8515930712433
7622,433.29901518757976
7623,1710.8598464168103
7624,694.670463496176
7625,606.7843443040016
7626,4961.293018465695
7627,4556.452934837396
7628,9179.349764239088
7629,1707.2508011093444
7630,770.8648583198993
7631,877.9951542059734
7632,1872.3139612235948
7633,10401.83091208693
7634,2692.085338784382
7635,984.7935792856714
7636,2666.873255417571
7637,15769.266586050513
7638,655.0866213031393
7639,5417.8631320478935
7640,1576.1044853090696
7641,4007.3987870347296
7642,1422.6163737620952
7643,518.634184068347
7644,5769.764772510494
7645,8840.660604646377
7646,1300.9052383091384
7647,478.59893704618435
7648,3776.175828676237
7649,1011.6761992385416
7650,5239.613465587337
7651,3983.684310843042
7652,3830.742753744468
7653,10799.68906423561
7654,710.0826776967858
7655,2436.914367708222
7656,4448.3646368124
7657,14712.689342144284
7658,14528.772198196652
7659,6894.084396597578
7660,3548.1232259618487
7661,2304.2611629933326
7662,4206.430918141682
7663,6629.078436280411
7664,1071.4393032292512
7665,13222.464161550144
7666,787.1290576660897
7667,876.8411268505877
7668,4480.844834777854
7669,1997.0490691177845
7670,5003.650210458866
7671,3884.1624184866832
7672,1797.1374759915068
7673,1039.9837182620693
7674,1284.370668013695
7675,747.5829084981966
7676,829.7918601624708
7677,1678.835486917254
7678,1822.7543631153928
7679,3012.3525510123554
7680,8005.142145034168
7681,2172.2153590241583
7682,14492.324484965211
7683,3737.5150923292426
7684,825.3490918696032
7685,898.5815732848569
7686,14310.359059628681
7687,3086.907563744987
7688,2656.1254080080644
7689,3461.0233428277065
7690,5866.834008936348
7691,982.210687543326
7692,1955.0248414383623
7693,506.4358783957883
7694,15074.029637736348
7695,4852.11716032873
7696,697.876765635259
7697,4008.5796218481323
7698,612.0250204205388
7699,15591.468610972397
7700,748.9316653845328
7701,1902.8984033750803
7702,8078.359541043634
7703,1267.7073783758624
7704,1742.2971355593527
7705,3032.1474506257173
7706,4481.3922549048975
7707,2296.637082372518
7708,6314.732801042233
7709,960.4928839655992
7710,687.9436742516227
7711,16160.012039790656
7712,2470.887055284594
7713,886.0707548068915
7714,7874.754798574861
7715,2144.8676264694695
7716,5398.576419333752
7717,1044.0088354395298
7718,1487.4744450846551
7719,1426.9403211801339
7720,2555.7969933071586
7721,4429.453843470982
7722,757.8185119430084
7723,7411.949878241815
7724,731.075325475808
7725,4654.901077708322
7726,2644.2805760641586
7727,4685.772606178058
7728,4177.529409934818
7729,15359.269378318695
7730,9032.580226557038
7731,738.2880489779018
7732,3306.909000986
7733,560.4916740093258
7734,810.319531131524
7735,5982.31434077577
7736,694.5207792667161
7737,11980.937821152735
7738,916.3505973872362
7739,2132.2665940430898
7740,2380.126392596011
7741,746.8732461989554
7742,1024.0828031605706
7743,3207.5317620675787
7744,6302.520403259531
7745,11573.8184150851
7746,998.8682285708297
7747,2680.109059270849
7748,609.4795020999608
7749,445.1547459112225
7750,1091.9627219450717
7751,684.4798349634815
7752,6588.464002003345
7753,3131.2313704447765
7754,4582.603671354529
7755,1222.087206340283
7756,6770.0272131127795
7757,907.7831135642537
7758,13920.459836120537
7759,469.7567063550293
7760,950.636251483665
7761,12139.528298675816
7762,1616.874890676531
7763,1074.2147972924581
7764,1397.4455307111555
7765,439.30290938555174
7766,2227.4785481770828
7767,1196.2291336608594
7768,2891.8681743519264
7769,3700.9241481256904
7770,507.49294789423726
7771,518.1057662724257
7772,8756.764163824879
7773,5628.832177277124
7774,11639.496082605812
7775,898.5528530346594
7776,1179.556793913735
7777,1613.6521333035826
7778,3955.3271735326416
7779,5138.930498002736
7780,953.0000026515047
7781,470.41748465347376
7782,969.2886020485896
7783,10884.627154718224
7784,4655.875714889074
7785,6498.5887059076695
7786,714.4369632335085
7787,5991.472047272388
7788,2258.3715890502253
7789,4805.208130861565
7790,875.5548241565687
7791,4130.756941459286
7792,7603.024719966702
7793,2208.4176767369836
7794,930.4703953511644
7795,5439.591364339203
7796,490.8896708652386
7797,2469.2157429396248
7798,1722.758484902717
7799,9855.564760958518
7800,955.210820422819
7801,774.0044772772521
7802,1313.6541227038795
7803,1307.8401403201176
7804,554.2855718251459
7805,2813.7317902478367
7806,860.1152717265768
7807,3436.752802231431
7808,1984.445678069081
7809,4835.7830022862045
7810,1677.3622590732584
7811,659.3628336053479
7812,2870.1295342238714
7813,15995.223891384101
7814,3955.3304825108276
7815,1496.8627853958787
7816,5531.874824622076
7817,3105.8639081650326
7818,4044.4382896386633
7819,1913.238973687845
7820,3826.735095102353
7821,1481.4479186825934
7822,5580.791468595631
7823,16272.338293327524
7824,3713.572017410183
7825,12702.788600029326
7826,517.5826661094176
7827,5373.852161927463
7828,3162.0066673426154
7829,1886.366392437639
7830,4713.312848036902
7831,2041.905847347281
7832,4907.572107083594
7833,13392.573063894071
7834,16663.62035897913
7835,7577.349602189278
7836,2808.713000897954
7837,7350.494824708559
7838,9971.632134511892
7839,11319.685009870485
7840,558.2297731014039
7841,5665.080541509718
7842,2163.9002318646126
7843,1181.8293469205594
7844,5705.353256016045
7845,1799.6077571446
7846,3258.5453923205464
7847,2094.638753970639
7848,5037.4705967801165
7849,1866.9626333890199
7850,4708.5939412861735
7851,7452.086198479295
7852,13325.58549737963
7853,808.4138111728474
7854,2033.8440750608936
7855,1415.0641973627773
7856,13716.42174205186
7857,7645.5923941687015
7858,6285.052400731953
7859,2469.8932950591657
7860,2490.665056645006
7861,1246.6329375941605
7862,2023.052701481313
7863,4324.351786585296
7864,11490.705295280628
7865,977.842913734168
7866,10618.846614866223
7867,1752.8096825898099
7868,2317.0125130936144
7869,5728.029198966263
7870,6351.882150538515
7871,3836.7182016206993
7872,814.1727985524781
7873,672.391999141955
7874,1101.0461927839835
7875,781.4714499290377
7876,468.03230960067054
7877,1067.731133054611
7878,3548.422876664428
7879,13655.832409897705
7880,1073.729550217913
7881,1994.8163798865126
7882,12640.939757057722
7883,5371.490216055534
7884,2750.6941690523263
7885,6108.513588448945
7886,574.9865698200235
7887,854.5991605540404
7888,1077.854487043989
7889,1295.7823682599847
7890,3752.3287001509043
7891,8860.615156016489
7892,871.6416080139193
7893,17078.38857292529
7894,4649.293130015673
7895,6771.874990041289
7896,966.4069636059562
7897,1663.32449911248
7898,10114.195810571344
7899,10571.898523054384
7900,16547.24430814508
7901,1593.1634823209993
7902,9252.179165282803
7903,1555.0743924619615
7904,1984.3012096598457
7905,539.4092037253404
7906,2445.5605530093017
7907,600.1843877884596
7908,829.5171065161835
7909,1267.6193321114356
7910,844.9243611771633
7911,2730.702788155187
7912,906.0192174256263
7913,11849.181093242432
7914,4778.549106009123
7915,16247.288518525598
7916,1129.3442853540255
7917,10305.068337967337
7918,11637.676244075608
7919,1947.3677131677985
7920,4052.6614569184076
7921,1020.743207676059
7922,2032.774977891323
7923,11512.746399194499
7924,3742.3896317739336
7925,8964.793205306938
7926,4209.623113739563
7927,6158.108324756959
7928,9887.37769987358
7929,2647.693129616579
7930,3435.099003473657
7931,2571.3190539458315
7932,11724.228203776374
7933,4483.482644713647
7934,3773.8631219041367
7935,821.0220994852942
7936,3172.258458614034
7937,7489.831364347021
7938,5465.183144006221
7939,3436.4040896849515
7940,723.4325109297446
7941,14891.526729040974
7942,833.4009607067787
7943,2537.0044417615563
7944,3535.4341874566226
7945,801.520716829044
7946,772.4244086829202
7947,750.2167578605159
7948,741.5275480115655
7949,6718.3595020599305
7950,2813.829208593286
7951,1519.630238168353
7952,3406.897313972299
7953,6124.942048257714
7954,2651.5390866402377
7955,892.4068181708374
7956,7620.664742335798
7957,842.1363229035027
7958,792.9486408114294
7959,817.7129399074048
7960,1033.959542082248
7961,2097.1452322424548
7962,1335.8127093825817
7963,2673.317551572728
7964,745.0042965781553
7965,1730.3061269339712
7966,11329.379381686158
7967,3370.731102211359
7968,1667.8196638913896
7969,551.0685829664312
7970,2351.834755036606
7971,2897.723772803528
7972,1248.1843495479502
7973,703.9278672578392
7974,5891.525721844056
7975,523.4694198351117
7976,371.9990981831928
7977,4752.408217528604
7978,1940.5778526952126
7979,750.1116379587115
7980,2513.1531317405834
7981,4149.406327954033
7982,9804.396145910861
7983,518.887029157406
7984,742.5708291029636
7985,2141.4605629505045
7986,774.7558626407218
7987,1093.6507094353256
7988,6882.7800771751545
7989,1908.9573271691447
7990,893.2484383053721
7991,947.8268084824782
7992,709.6729700779053
7993,4739.357362630459
7994,3930.826285904892
7995,4310.528002095608
7996,16171.5270582048
7997,17092.07395819346
7998,8015.007924660475
7999,556.5056982864709
8000,12806.07535538351
8001,791.1754484423043
8002,5086.037476667211
8003,1726.9798724069449
8004,589.1817582670951
8005,11554.893931094
8006,5147.1074678379255
8007,2248.3379541107324
8008,3082.147829506199
8009,2122.3786159012056
8010,810.789605034856
8011,2334.3448921171052
8012,423.4827105511192
8013,1145.881036801783
8014,4036.3620747810073
8015,1726.7078201087165
8016,6636.257825393082
8017,2447.620414738238
8018,834.2773498104899
8019,5608.761900788928
8020,1029.7757494001464
8021,2338.957087890117
8022,15570.469682562982
8023,3388.9812847634366
8024,1624.3841241673765
8025,410.2317493874362
8026,4122.525706407702
8027,1698.6523301126335
8028,2197.4321082714864
8029,2975.8004065645046
8030,4559.428876579452
8031,2562.3956999219904
8032,630.4354111154746
8033,2154.5252760954845
8034,2290.1422658646043
8035,8532.879563667466
8036,1882.9012575994298
8037,16397.929681575293
8038,5631.212380165407
8039,4942.679382905506
8040,744.5431083589207
8041,1772.1709540108093
8042,550.5019403660287
8043,4409.636627617379
8044,5851.827035227961
8045,13611.467242907549
8046,2095.8557164752388
8047,5189.266611972826
8048,1012.6897643889876
8049,1032.4933197437897
8050,479.0780143094151
8051,4405.225134798827
8052,1277.3176155093304
8053,13492.809462819314
8054,6785.046861906578
8055,10402.318860373669
8056,2346.7463350503217
8057,1504.611801921004
8058,6805.35989035391
8059,3958.8612748854503
8060,1784.56225926672
8061,13220.521914355495
8062,5876.889491104462
8063,4227.458896838781
8064,9882.042992087077
8065,8857.869014373604
8066,829.5797529146249
8067,4868.156498439273
8068,2599.041476496781
8069,1700.4208954839314
8070,3851.6554319117427
8071,693.3588604708951
8072,4232.28763555907
8073,2705.824923651757
8074,872.2386013735413
8075,14071.179677277183
8076,1713.7590048595437
8077,1950.7584479670359
8078,3242.6971363898238
8079,16595.728251483997
8080,3494.945192508455
8081,625.3506759086071
8082,5769.622364515796
8083,978.7949498761619
8084,6688.026951291634
8085,3285.5615750330844
8086,1002.2772267588305
8087,2051.6802923830246
8088,711.3459593151666
8089,760.436834059849
8090,473.82639843731107
8091,6622.45827843996
8092,623.2755439565091
8093,967.9785266362196
8094,1389.0338146027516
8095,689.4390463015656
8096,3542.8971785967537
8097,12413.45288227898
8098,16064.56236198034
8099,14024.618905608982
8100,749.7451031454285
8101,14899.873606834442
8102,5085.717162042136
8103,706.7270628772776
8104,1045.7360769790291
8105,1095.84317083783
8106,1480.042301815453
8107,1984.4921190544273
8108,1871.8134305241801
8109,1576.1401474662553
8110,10388.673051390237
8111,3215.8990555722494
8112,2720.1027960444717
8113,710.7481220508366
8114,16819.620765776992
8115,482.6703351024518
8116,8890.08731582758
8117,731.7911161629302
8118,958.1123272002083
8119,7170.835815104675
8120,4136.251517711757
8121,11888.781925987698
8122,1005.0941745103178
8123,8114.893180733869
8124,5941.621768648326
8125,1711.7015584693743
8126,621.5314826498525
8127,834.9882058764808
8128,756.911311323936
8129,4107.5578925832915
8130,3667.1013707891134
8131,907.3081757953391
8132,1177.4798984306112
8133,2163.499111820777
8134,4712.352375781048
8135,765.9993700429251
8136,2036.0554409870338
8137,3294.780887981537
8138,2368.56514477136
8139,1641.161730779688
8140,509.5708302367622
8141,4455.58624530917
8142,625.5670222142894
8143,1333.7300347923988
8144,1799.8635840876568
8145,14251.394336197744
8146,2223.0576804641555
8147,554.8514958558208
8148,1052.6786635385695
8149,915.6847971183331
8150,594.2320519995694
8151,962.8980171282371
8152,10966.899317194611
8153,1731.65042811306
8154,7418.671274982281
8155,1057.1897234543956
8156,1262.3109825663842
8157,759.0268159344645
8158,2508.735862571915
8159,4738.72687581464
8160,11749.945677955975
8161,782.0924647639102
8162,8546.850813324418
8163,1313.4564150701135
8164,4484.537139157377
8165,2827.2080043669666
8166,9702.6976716724
8167,6474.682793703297
8168,5410.294641306629
8169,10982.730472175945
8170,2873.3789777516317
8171,4058.4863663587507
8172,849.1044395678038
8173,1393.0106777013807
8174,438.78212936787094
8175,778.9935128061799
8176,11507.00387713999
8177,2861.0202798486885
8178,2276.893116305265
8179,2301.997404169969
8180,3426.10320447006
8181,1037.721148071222
8182,10981.854437323365
8183,3461.3652833018036
8184,12457.784481817745
8185,764.2213365404581
8186,9329.685179104661
8187,9302.946737784841
8188,531.4233973788997
8189,4446.194792131446
8190,843.4845295289399
8191,2495.6453094779263
8192,11386.820523149789
8193,2885.599756045749
8194,1039.4017320245014
8195,12116.912700701492
8196,547.0772669968732
8197,4954.54388219583
8198,2069.532031771399
8199,14819.894724079719
8200,552.9018355305217
8201,5039.7184751367995
8202,5136.355072523323
8203,3812.0189122879997
8204,525.572647525899
8205,493.83228953882553
8206,1023.5132523456807
8207,1897.2897681870097
8208,911.1610733912927
8209,1291.0918408678126
8210,13955.515864031386
8211,4598.495570810306
8212,4343.991178153565
8213,821.5840350224529
8214,1523.4687992919844
8215,436.2604239319445
8216,1617.847314311937
8217,726.0615332677738
8218,6986.733317604162
8219,1718.260143520116
8220,5234.855719672352
8221,2171.2225478567693
8222,6413.965606670056
8223,4050.4700755281497
8224,2289.36651720713
8225,921.2325709403384
8226,2398.547007299316
8227,871.5080713203821
8228,465.8651518783258
8229,765.2136085143741
8230,5041.718516124012
8231,5384.602825741283
8232,730.1723274344513
8233,11024.321644769245
8234,3513.119620555454
8235,2385.0455736450826
8236,3545.933089012642
8237,5452.181562084695
8238,1981.1338404709138
8239,4253.949052676754
8240,4676.2230837351335
8241,4228.130754495497
8242,8003.218497605228
8243,513.8028600655689
8244,14567.98832371523
8245,850.692589267713
8246,8632.952994402915
8247,15496.480087922515
8248,1009.8452047367199
8249,3738.567626835599
8250,6786.994103046291
8251,4914.146399385188
8252,786.4302588501895
8253,4113.974218701783
8254,17228.648692227536
8255,5705.886489890436
8256,693.3739416888332
8257,7866.507262291744
8258,3371.101857283962
8259,730.3866827508427
8260,763.2026109754586
8261,1357.216601282139
8262,843.3149050881871
8263,1700.1354694392198
8264,697.3855935795253
8265,542.9453838113618
8266,4149.49221786724
8267,5152.134824857484
8268,2700.500189646011
8269,3041.433614473379
8270,2808.8658115261796
8271,1030.7093512093682
8272,7270.0800736299225
8273,7084.833044003991
8274,4493.996870253271
8275,4943.3359404717685
8276,2014.181539893727
8277,554.1680789642379
8278,7323.704141719162
8279,2290.9529105797583
8280,17365.530590294293
8281,943.778009860716
8282,2789.3811505142085
8283,1973.5056075815348
8284,636.8144158659129
8285,2415.9385519267466
8286,5028.143944376351
8287,603.7960033633316
8288,1837.8924456232648
8289,614.1080453846615
8290,2913.603115408477
8291,7590.271399112501
8292,630.4845827353981
8293,2586.1660596651245
8294,6856.336638933481
8295,4123.693658079585
8296,1297.419302485221
8297,3495.982415569404
8298,16056.720979711412
8299,453.0435284873732
8300,2207.574481215988
8301,848.3292705128987
8302,8906.341672797793
8303,5118.957432987749
8304,543.842146868783
8305,5169.28421827495
8306,4309.360216730243
8307,978.9553397809125
8308,773.4783405551191
8309,785.0514741170737
8310,544.2259559874016
8311,792.634660603417
8312,8747.939909449926
8313,2344.014896551499
8314,1016.5800889976184
8315,935.5767942113162
8316,685.3960207131391
8317,782.6399196036798
8318,5531.899097397465
8319,2099.1262244114623
8320,1042.6702985818551
8321,5493.920913493189
8322,716.771873127882
8323,5253.579906144857
8324,3015.3324822400127
8325,940.10795219899
8326,1366.837798148011
8327,777.9182266666281
8328,531.6961119297055
8329,2073.730361299526
8330,873.9365447368236
8331,1240.068019428055
8332,873.1338354864235
8333,2659.673764714952
8334,5576.786392196912
8335,7999.052512010989
8336,1216.3972261859676
8337,5211.89197829586
8338,3835.9638660198334
8339,3010.6308090721677
8340,3430.7708237600064
8341,726.7113584126139
8342,2102.9769311570244
8343,3296.013672537518
8344,2278.186402536974
8345,3563.6045396305067
8346,3402.3243600705155
8347,2790.9611837851003
8348,16645.035632293107
8349,5092.226425459092
8350,847.2608728252645
8351,2124.4799342761635
8352,5471.335577966676
8353,801.5872756336231
8354,1495.1335652267812
8355,17426.14604200053
8356,833.3474661674536
8357,4392.191495203561
8358,11993.541902653726
8359,639.4675279949755
8360,2208.5927532794108
8361,1024.9034530298782
8362,935.8587609574544
8363,14369.448452333956
8364,4908.099791882733
8365,690.6146038435518
8366,11136.894360986233
8367,4975.928834062395
8368,1000.9101984180559
8369,9110.136850394823
8370,5085.8775078779845
8371,1708.3065300343585
8372,13197.537897285321
8373,2372.4986613674128
8374,7074.303240962579
8375,1383.8537589178804
8376,4629.633753777502
8377,622.3792044534131
8378,16095.00365876915
8379,4237.35458788641
8380,4667.433122313181
8381,15587.211727066047
8382,2555.0351149966746
8383,2616.5797901999285
8384,951.7399112087542
8385,13330.05488243751
8386,748.172966844373
8387,1886.3009839330225
8388,605.742004419138
8389,3057.398234921048
8390,884.8967771526752
8391,3374.0307670867605
8392,2663.694930572205
8393,788.090336309767
8394,15293.231840511555
8395,596.4902412156811
8396,15577.149772135417
8397,13036.456161475297
8398,7030.143005682262
8399,2096.168933593344
8400,931.2863256764606
8401,644.393161893319
8402,832.5712204163988
8403,413.09764267002566
8404,1757.62724775049
8405,762.1722274002833
8406,10317.096773782874
8407,3044.5524131902807
8408,3193.4903807909127
8409,9175.919706231354
8410,705.5673542525672
8411,500.58357506521276
8412,9079.816847242113
8413,633.8174143951562
8414,712.0972662147991
8415,4251.503436835111
8416,894.1266287297655
8417,3515.7881438745094
8418,3964.779480676115
8419,1315.8569756625109
8420,1871.7823884100044
8421,2745.173073359856
8422,6701.305933047528
8423,7159.0700043429715
8424,1762.6966269775423
8425,4361.587416412799
8426,4069.352642686059
8427,828.230875263338
8428,1991.4818845504867
8429,3522.813962118111
8430,2520.475809540822
8431,1599.3458836361485
8432,2144.5285961567524
8433,937.8678631990202
8434,824.3234766318343
8435,10305.623748332151
8436,803.5884328572361
8437,14120.161813341838
8438,11711.122121252278
8439,1294.3278798549304
8440,688.094162189307
8441,2566.880049322001
8442,791.3802762238175
8443,11140.887704735173
8444,718.9878608015492
8445,3111.9362977185833
8446,581.4837730676472
8447,9133.719579652821
8448,10149.303472747875
8449,1423.5115235545118
8450,2677.626096544331
8451,8684.081955770795
8452,640.0288272248735
8453,799.8604251521328
8454,987.320134943925
8455,5039.453891483863
8456,2814.1838307941994
8457,2419.411178781675
8458,612.3586998424515
8459,3979.133758682001
8460,591.1190737439154
8461,693.9942950363359
8462,447.60281493738415
8463,4269.293927442755
8464,2846.5577477411725
8465,1656.9255134920286
8466,5605.221956816291
8467,4436.149103873568
8468,1251.9748929042933
8469,12847.858233754114
8470,875.4565703499679
8471,3963.6974462323615
8472,1403.4151728690083
8473,636.0659451905111
8474,539.3988783589236
8475,642.6839230278546
8476,656.5348875137915
8477,5778.706722604067
8478,2454.3099642449315
8479,1261.0503206121487
8480,5658.9578561486205
8481,2469.896425213052
8482,802.906210223199
8483,10796.004653185626
8484,1014.8207742907196
8485,996.3869644083557
8486,6296.325560362663
8487,4217.628402567707
8488,8506.635313282455
8489,2254.386598483876
8490,1225.7564053042024
8491,5342.482845151852
8492,2064.14036953071
8493,714.9486772756192
8494,2733.3966576359826
8495,6128.106036470669
8496,14555.630150775783
8497,744.4785618605495
8498,13824.774108476835
8499,4008.1210184060296
8500,15448.748439732031
8501,866.002656044745
8502,1835.071540652576
8503,1811.7709392888657
8504,854.4150124683231
8505,482.42365194927095
8506,17122.944502590235
8507,1625.6041561821085
8508,7927.841076270774
8509,10048.599830509562
8510,6830.066699105911
8511,8799.975592275398
8512,749.8121965873341
8513,7554.706072718384
8514,17203.68554658953
8515,668.6958612115136
8516,479.08530974037154
8517,4300.718098958334
8518,8269.294251691019
8519,1852.4914447470173
8520,3764.043670878965
8521,729.1776570049987
8522,5581.085782390035
8523,4274.230200422283
8524,10321.324639988447
8525,4140.298586414175
8526,1918.1480009324134
8527,537.695040984459
8528,489.276234283901
8529,930.5204465242083
8530,3193.0669009925673
8531,1243.456142316919
8532,16454.042259590227
8533,11450.629892926563
8534,6429.197793676245
8535,508.9529550891592
8536,12375.572895921441
8537,2599.187067302948
8538,917.0616279745477
8539,3187.3590672020496
8540,1711.274960693444
8541,2026.37848736182
8542,1034.645338509934
8543,844.4124137114313
8544,10057.344048948862
8545,14890.83460061504
8546,4210.374072841595
8547,965.6102717123349
8548,2653.6176470409982
8549,1099.5837905371163
8550,615.7710122657538
8551,916.2569297144581
8552,894.7439417335127
8553,2652.501522889363
8554,1643.555675862716
8555,12534.725579319278
8556,15840.147079647923
8557,2663.6058436606468
8558,709.0445852387586
8559,4500.518900687305
8560,487.43927066300677
8561,637.4326439564882
8562,882.9337501885541
8563,3169.800971789148
8564,1824.8408419883267
8565,806.5531898191248
8566,4303.141441893664
8567,818.0914283420979
8568,5139.309712372403
8569,1821.7959203672724
8570,2780.4059253491273
8571,1534.640528988969
8572,3206.6896398475346
8573,6530.773161734851
8574,1309.9843607110708
8575,4860.204001369675
8576,2014.2041984656657
8577,1360.598491313651
8578,819.7880199274634
8579,1301.6575332065759
8580,2041.49961264288
8581,823.1883425650196
8582,1093.0702055679026
8583,13029.234480758061
8584,926.4034677909914
8585,1664.8110960910885
8586,6737.4353137004455
8587,6648.46326264881
8588,1467.7800384616935
8589,696.2470415399425
8590,1045.275280359076
8591,1677.8946627527728
8592,8132.609170964814
8593,3965.4556905903037
8594,6406.622257004427
8595,5927.127934549175
8596,4042.3842293523803
8597,11619.027218116526
8598,11990.373489629043
8599,1052.1846109369712
8600,5227.906198729533
8601,595.6689936908126
8602,4016.4649707147682
8603,1891.743461549422
8604,7728.535163137498
8605,1977.6829729325652
8606,7262.975274958333
8607,5163.756061951013
8608,12403.578871850574
8609,1273.5380176708165
8610,879.3998454274382
8611,13609.13641676789
8612,3591.3996046140455
8613,4673.062950532777
8614,723.887580405401
8615,16367.020728182384
8616,700.6121725852703
8617,1701.0012802571227
8618,3413.230364643735
8619,1626.4500939396482
8620,638.9266384112047
8621,11119.551672457901
8622,5281.535717478661
8623,10868.512500179742
8624,795.1390260143838
8625,1951.2990319388643
8626,5218.056017922293
8627,1896.4377725545353
8628,4089.062028442515
8629,5187.096707221796
8630,585.533827194424
8631,1288.991032562599
8632,2599.706850409762
8633,2642.5236185927374
8634,1043.3417368906782
8635,886.5147129771776
8636,806.3720370771455
8637,4742.263955931434
8638,483.2220931253113
8639,4366.642345619312
8640,1302.968969530143
8641,1052.887169026223
8642,540.7840051887648
8643,882.9347158494593
8644,13545.81890921813
8645,5016.319241716628
8646,3339.3216592780104
8647,1169.7685529645478
8648,4815.656691637719
8649,533.1016672119171
8650,4427.605749765227
8651,615.1438223074756
8652,10764.037915294535
8653,10780.77829475933
8654,1012.6967415990359
8655,1855.0629587757373
8656,5350.745764839582
8657,1985.7121288263963
8658,758.0783067967199
8659,4686.606148794235
8660,2080.0166393892096
8661,16428.637335654552
8662,937.4417957729381
8663,2020.0954061714544
8664,4739.038004013813
8665,910.4527150259179
8666,8237.518346138699
8667,2874.8329243814997
8668,787.0875541441211
8669,7644.839660353813
8670,4291.958783681306
8671,744.3644843324086
8672,1502.0104289496987
8673,3635.401363169079
8674,7046.4326511018535
8675,567.4564747087531
8676,965.7448460422728
8677,3951.926361436682
8678,1779.3596033873428
8679,824.5733663226588
8680,6860.693015773245
8681,1061.7003602389389
8682,16495.082090981563
8683,7961.149728288993
8684,6037.746150121599
8685,534.4560043503618
8686,783.1937604945103
8687,1492.4360688916224
8688,1641.3469675080403
8689,848.7154995985463
8690,680.572492195496
8691,8569.239828302372
8692,955.1233913245338
8693,2465.9199367615975
8694,3526.281092968963
8695,1816.0149083094475
8696,9020.367284781621
8697,1225.3787197515205
8698,729.793346255844
8699,495.643366318752
8700,3282.8350323958193
8701,3831.850261858755
8702,1263.9428274627176
8703,3474.604504391452
8704,11042.348677820086
8705,5224.094518060947
8706,6383.119000274938
8707,3976.9444944798665
8708,16729.705385783145
8709,1696.1318501940536
8710,841.5237925148703
8711,631.6649814102732
8712,2265.5165180663485
8713,4097.713880919306
8714,784.7378837991863
8715,4610.735239957271
8716,1217.191384057759
8717,2540.5423161797316
8718,11442.076491966422
8719,11811.882412574407
8720,2289.8224154061904
8721,3043.4517954510693
8722,10115.315539109504
8723,3216.8549688430057
8724,1695.7900555903846
8725,1045.3018430025718
8726,2198.024770971925
8727,951.2670120473873
8728,4068.0688320289546
8729,6686.507332866291
8730,662.3115364571428
8731,1878.787119356115
8732,2392.726774151264
8733,4502.346970091506
8734,2293.344577214704
8735,6763.857808362581
8736,1897.2580338478215
8737,5403.051727161856
8738,623.0841353140555
8739,3905.740124577502
8740,2485.970269013414
8741,7102.144495644045
8742,743.3108989853239
8743,912.3661561344458
8744,1689.0666246828453
8745,4930.797836043705
8746,4446.169146692756
8747,1977.16852557064
8748,5845.685791930205
8749,2336.252459900161
8750,2759.868068224026
8751,2085.431361052665
8752,1084.289701550031
8753,16331.287634954997
8754,994.0798745782045
8755,1408.5315743224605
8756,903.6825639343208
8757,9471.941646360183
8758,2917.54696789529
8759,746.0569997908732
8760,549.5623067815366
8761,7098.102393389735
8762,1851.4517445844251
8763,3184.409840098438
8764,6624.282752392798
8765,915.9066902778885
8766,1840.9601491161616
8767,533.0108971384072
8768,2874.4604034512895
8769,5666.568861221238
8770,5988.529174926197
8771,674.1852617035673
8772,1409.9024449602068
8773,768.487581255324
8774,1077.0416006910962
8775,476.5149603850081
8776,1189.393820551336
8777,10705.547752217512
8778,4222.272677557466
8779,16971.964559529868
8780,7435.45295270732
8781,2103.330078125
8782,2820.727455160991
8783,759.0983012044535
8784,945.897346653694
8785,868.8109295219135
8786,4174.48952799911
8787,1858.1172096050414
8788,2007.1217415731971
8789,948.9233107871192
8790,3272.308788601663
8791,7426.394829199229
8792,1926.6796403587553
8793,822.8008218062307
8794,2383.8457235538935
8795,1026.6812977529917
8796,7597.676905962711
8797,795.1462229390153
8798,2387.3159455082346
8799,1555.0177658419998
8800,1722.1277685440357
8801,11782.502293380452
8802,5107.160500497401
8803,14284.153720775244
8804,498.41938366469503
8805,9347.246222484928
8806,566.3111409172034
8807,2905.2871288630727
8808,12135.416552687642
8809,4415.38751971362
8810,11833.972559706102
8811,3037.2762570150403
8812,1705.2133571807362
8813,4835.726251721215
8814,1855.1141028893464
8815,2617.9081217370144
8816,877.5441128265994
8817,640.6758851143236
8818,3921.145034078335
8819,4656.136084328527
8820,891.1129656275292
8821,2585.5572878627536
8822,4806.068775470547
8823,873.0865944071206
8824,4162.294080217293
8825,7836.4474376647895
8826,3346.0774068328496
8827,2804.378379288561
8828,1053.9980534491212
8829,5281.650845837599
8830,1304.01840284847
8831,1230.0852566032254
8832,822.6434795417085
8833,15168.584086196022
8834,768.6934352643922
8835,16278.864257835796
8836,14786.167070744828
8837,9173.150581719774
8838,7876.439941543574
8839,17072.819570197204
8840,1716.765028402207
8841,12876.957390830326
8842,3876.464879676473
8843,929.5169924407929
8844,2082.4445746095416
8845,1146.2377043355866
8846,10301.627343939927
8847,11937.057977865295
8848,667.8303302979572
8849,414.98649331101467
8850,13912.442357259257
8851,2674.5649033356576
8852,568.7271535470666
8853,4755.336104328633
8854,5202.196195528967
8855,703.9860399511352
8856,9153.26689500468
8857,3959.9392332290267
8858,2257.3136454804953
8859,1096.949304362727
8860,3637.0504416895787
8861,3821.3355125298767
8862,725.1299018165797
8863,7213.055367528933
8864,2152.7513144019917
8865,752.9542654011999
8866,605.3458535481609
8867,3232.593786584949
8868,13401.977379798665
8869,966.0114662165263
8870,13160.458577993131
8871,9540.688146895847
8872,1438.4153102989942
8873,8397.36775535403
8874,911.8337900603465
8875,11438.40691354643
8876,731.1655481889081
8877,447.16179568744656
8878,5015.780860586628
8879,374.4883102677662
8880,10315.66492639346
8881,5890.164569905596
8882,5024.469339606162
8883,4264.185362219578
8884,1034.9289331690875
8885,13256.93030556683
8886,1281.3066576559909
8887,13691.781037694558
8888,7816.341845441837
8889,5566.306126550839
8890,6623.599270678324
8891,891.2398235419456
8892,1844.6217138152447
8893,2838.206158471101
8894,6199.094475442675
8895,646.9315857712762
8896,5103.644737119437
8897,9461.528549061653
8898,665.3981483533689
8899,1065.5630178656372
8900,2934.9492158622074
8901,3770.0789064604046
8902,418.5528782016836
8903,2223.1591796875
8904,735.6592311544421
8905,2854.5986356408325
8906,3903.558672528613
8907,643.1951889185929
8908,4802.848626656517
8909,1638.442621257653
8910,1185.832494123523
8911,670.6928095936051
8912,5419.986707016214
8913,7388.900644291017
8914,1867.992536228577
8915,3289.4594122454496
8916,533.8958538540678
8917,4393.920565305048
8918,11899.874418088504
8919,1028.1443627433543
8920,4593.737957284501
8921,827.5757223824318
8922,876.5690710593109
8923,723.4547877318604
8924,1057.0227104559701
8925,6447.84123175698
8926,2859.0107340659924
8927,9202.14428527194
8928,6892.943165005586
8929,929.2651662600798
8930,1682.4289116382404
8931,1009.3678159031268
8932,1712.1959001582486
8933,849.3451904462803
8934,519.0109650674797
8935,844.5146863513453
8936,649.8344350003575
8937,1170.3119659575823
8938,5178.8105100720895
8939,4964.54533041678
8940,14154.013623253442
8941,5320.513037294601
8942,2706.9792503334247
8943,3124.1999961043985
8944,746.0569997908732
8945,3100.9669802773833
8946,1031.3887553030295
8947,2637.8078051896464
8948,674.7079952686523
8949,5392.854688511771
8950,9248.224664134006
8951,2348.659952742524
8952,2461.8652581775373
8953,916.539994862298
8954,2666.3555338540223
8955,5104.920253334916
8956,8019.306317118937
8957,833.108019033922
8958,5480.350287595789
8959,2698.272998938283
8960,13021.715822492184
8961,4432.721589218482
8962,3618.8053524474117
8963,3386.4413578346466
8964,3721.335661935994
8965,4812.56762438673
8966,2375.0478515625
8967,5602.62580314386
8968,2669.4672161706576
8969,1602.1249542530063
8970,704.4841062870609
8971,543.174779488119
8972,826.04919454286
8973,1569.3576468245549
8974,8059.184416035632
8975,639.2504246504079
8976,17871.296022833805
8977,6656.3560806145015
8978,2307.6056511906213
8979,4670.751320179694
8980,8378.137166085833
8981,4956.226791022807
8982,1782.637183895194
8983,746.6348572749846
8984,7322.829108889302
8985,4478.602257838731
8986,5220.078090324492
8987,812.8481521540104
8988,417.2366691790139
8989,2538.137969801935
8990,7425.298125586038
8991,918.2307764689975
8992,2010.8857421875
8993,3986.3685024341667
8994,2900.659781168746
8995,4559.488041349098
8996,4266.842295324793
8997,4676.146149977985
8998,13302.644949776784
8999,13705.417654777382
9000,1049.269437736044
9001,5710.382301791017
9002,803.499576907305
9003,7558.809882805966
9004,824.1146198705187
9005,2608.581874290809
9006,2599.489532934039
9007,14345.26706075503
9008,9185.061135644628
9009,5691.69986022101
9010,659.9388393145334
9011,1343.3911610785126
9012,993.1903386979972
9013,2851.3188554067465
9014,684.2619269201325
9015,644.7226457259142
9016,14653.49294336334
9017,15083.583854591787
9018,9797.838632760475
9019,2519.105317546528
9020,3950.736108807277
9021,1092.5843983324257
9022,4225.5532720516985
9023,1541.9694768343818
9024,4744.052589954614
9025,801.7390236494351
9026,14875.757266732913
9027,4197.131363115
9028,16522.690294966797
9029,2285.8352785994143
9030,1022.6154862981817
9031,2345.699806674413
9032,789.7950706783445
9033,3998.7988804654806
9034,4353.100537914121
9035,4098.865181725511
9036,7623.05070832304
9037,3581.2505963418716
9038,812.8306042961807
9039,3285.9146808494384
9040,688.6830480497393
9041,874.9086210247772
9042,4784.247985173909
9043,14050.40232202188
9044,8551.244170851936
9045,7729.077566856706
9046,680.7326938502212
9047,14349.624506066764
9048,2164.7686147630807
9049,648.8344997912939
9050,2140.8543279841547
9051,970.7325531957056
9052,1793.3979872153573
9053,6452.430339529398
9054,2307.015135669835
9055,8412.220931012733
9056,2524.80471327682
9057,1569.2835016175518
9058,14399.493911860856
9059,1220.0572386288425
9060,607.0147182015562
9061,2300.265895132071
9062,551.7744064213069
9063,729.1222825119477
9064,570.7409606194617
9065,4252.801351606511
9066,741.4656319399143
9067,8338.670153106259
9068,4824.809086991651
9069,764.2549038675794
9070,9487.802948802942
9071,15912.60881371607
9072,1089.9470257694268
9073,9415.811356499962
9074,7088.874194943528
9075,9448.525787594963
9076,4931.288724593246
9077,1469.3173613891101
9078,1751.4756093022588
9079,3704.56357848263
9080,895.9018048934996
9081,8297.053367305465
9082,1116.5887046047749
9083,970.0123596618723
9084,1753.3409338445035
9085,3912.700899378658
9086,1382.649477579136
9087,1663.2334832601541
9088,690.3039979009017
9089,7112.790029399424
9090,8579.085503901833
9091,18169.173322063758
9092,898.3586881093213
9093,3355.6622815417313
9094,677.1113082803153
9095,2101.638134587845
9096,1902.3254785588024
9097,2751.6409164719153
9098,10988.584574751418
9099,2438.1625613282836
9100,491.69060282859436
9101,3314.1883947557862
9102,751.6108134430117
9103,1437.5865478303704
9104,3386.740800083828
9105,2094.8870964773782
9106,623.9346335524219
9107,4258.97065899678
9108,476.4039576776067
9109,2359.178537086158
9110,5912.761775901203
9111,2046.4407146286126
9112,5105.320031386318
9113,1025.3139255985814
9114,13357.175747991852
9115,4278.824510735391
9116,939.1585547115569
9117,752.1117130861192
9118,893.0335226540285
9119,10726.708301317563
9120,12179.57030733976
9121,7310.172540436581
9122,5389.534207350188
9123,722.5210572852116
9124,8147.170255153186
9125,8643.533574882102
9126,2802.1641013654075
9127,919.7064870289097
9128,3492.240816258785
9129,487.7606183710342
9130,15883.751058681444
9131,9794.420565771667
9132,1101.407264523393
9133,4083.9975917704387
9134,4218.554834870395
9135,840.2792516443203
9136,632.5833718780323
9137,1775.0086623572868
9138,13861.110401531838
9139,5441.768409676851
9140,8408.521690468911
9141,699.8599980091404
9142,3769.2684953628336
9143,6921.249073012996
9144,4228.580053353444
9145,3292.0122317345513
9146,6546.204607342094
9147,601.7091120535216
9148,923.5851523808566
9149,1180.3711139055379
9150,9966.764318710217
9151,1118.1748876255817
9152,2661.309234824675
9153,818.0254781172198
9154,1824.7653289934967
9155,4967.024535113117
9156,13121.471605157902
9157,16388.897187363786
9158,1812.4715298098472
9159,8637.680274820777
9160,5870.506098762348
9161,13949.829846145012
9162,2670.646509871372
9163,955.04138053914
9164,1187.2727903808463
9165,3231.2679447066066
9166,807.1784040231347
9167,2298.159376045115
9168,909.4939960437499
9169,14108.620971241642
9170,4124.99194212854
9171,5637.519758965588
9172,1537.1563054381722
9173,4380.195290678235
9174,864.0621333170333
9175,3254.737880961896
9176,1958.5811608504805
9177,678.1725250102133
9178,16336.505924130815
9179,1769.3545232456647
9180,5441.270230578334
9181,1852.9898142776244
9182,5090.186850669038
9183,732.1777840246515
9184,1189.9976456518677
9185,570.3895440758678
9186,8423.409472055324
9187,3107.5677923644466
9188,11505.596450291425
9189,4202.424665914848
9190,2516.2196634532947
9191,5517.693584778032
9192,1475.6232530373989
9193,1810.8837157221417
9194,2752.708489644672
9195,2976.720488259984
9196,744.0541667211972
9197,1858.6158376803783
9198,7571.150825739999
9199,4742.570940203187
9200,3820.5530166856115
9201,9579.254984281359
9202,10911.449961479642
9203,507.11969406771794
9204,1333.391233596358
9205,3162.3588174004394
9206,4059.1509685115925
9207,4615.311290852248
9208,10597.206619014578
9209,12892.228955726694
9210,758.1798628307629
9211,940.0050650690316
9212,11443.960575902276
9213,9800.345718568547
9214,1943.5141297858847
9215,8421.185893622325
9216,1088.8174687649787
9217,923.4747271144362
9218,11263.160446742064
9219,833.9488142983679
9220,2143.829232773379
9221,5551.055201802811
9222,1631.4652241941492
9223,1026.878591206989
9224,782.6117293123424
9225,1472.5247592955204
9226,4009.4341347264167
9227,16496.637747993245
9228,1608.1201319231416
9229,809.2604556795287
9230,1492.401134768034
9231,426.9384017370726
9232,1030.5358187329173
9233,2917.0974761497005
9234,16858.72925652663
9235,16796.066571494226
9236,3717.077557655201
9237,2259.586033320668
9238,1466.9836372420416
9239,3494.384471496439
9240,1767.5118276392247
9241,973.8614120042233
9242,2064.751079550265
9243,3111.8768238030975
9244,1132.8017287368427
9245,6491.422581947012
9246,2788.1450373149737
9247,807.6511289372577
9248,970.1408304813094
9249,689.072800373296
9250,3202.508154661891
9251,3436.5081780235655
9252,1832.9925305875897
9253,2238.4752354650923
9254,1794.7067731806728
9255,1694.541421744619
9256,2355.5950426902155
9257,888.5635703933034
9258,4373.163358560016
9259,822.0074771215471
9260,6436.610587084723
9261,9061.319436451031
9262,5703.341557669218
9263,10856.449428540986
9264,470.3367387828228
9265,8881.916439443958
9266,14222.218161409015
9267,1774.9493599061605
9268,4697.105664385407
9269,10960.253144193674
9270,761.8616492215193
9271,2148.0690596134004
9272,1824.1757694623932
9273,5398.86782830163
9274,2508.4171130503364
9275,723.9916082989034
9276,1385.935764875447
9277,4409.307970099331
9278,1493.3325561059853
9279,11132.682348305229
9280,3604.0580715190717
9281,3053.9327697086396
9282,4711.354756706139
9283,3515.244183635423
9284,4103.809454405176
9285,9864.51910125459
9286,2510.0763205308863
9287,7186.9636532892755
9288,10756.689482909802
9289,522.3448133621431
9290,13894.163833301918
9291,15616.112627336164
9292,4563.5774278675835
9293,1073.6235229894578
9294,1247.922134367944
9295,2474.4890582009966
9296,589.4436326567644
9297,9057.763921922862
9298,694.0754265137072
9299,2046.973293949891
9300,6271.997115007942
9301,2945.386918712798
9302,3433.520723530594
9303,3076.757644203882
9304,660.4343708685518
9305,1336.5001339239332
9306,2475.455019511767
9307,8035.05059167151
9308,2877.178001192521
9309,920.113992635882
9310,8070.0768364013475
9311,10111.388239504002
9312,12001.43641382887
9313,5497.47601037009
9314,416.0996897895737
9315,6465.024591939768
9316,5050.457427837383
9317,1887.819355021816
9318,1747.7047597287537
9319,2110.7622338357937
9320,659.4270878558347
9321,786.029612416524
9322,11742.417362240343
9323,1209.932725794811
9324,848.2639946959299
9325,786.2716427851204
9326,3326.558501412691
9327,3706.9136093283173
9328,1288.9506312734588
9329,1414.4759851808299
9330,9502.189843863129
9331,805.2900748348875
9332,4665.766228798008
9333,5720.298358829119
9334,2342.9679070424127
9335,922.9947397081172
9336,6439.902827305986
9337,607.4065550949223
9338,2155.8427987943596
9339,4511.31706899193
9340,1068.5599403031642
9341,4877.5510574623995
9342,2305.0553447073758
9343,1027.455601335513
9344,1055.7235244244066
9345,16447.650632339148
9346,1704.9481268678674
9347,844.412511442445
9348,565.7243430804381
9349,2319.815678912019
9350,761.7806629248487
9351,7359.0105713881185
9352,998.7990164873137
9353,618.5776780540102
9354,6592.697931835796
9355,607.3823697531144
9356,2368.5238540365704
9357,7766.355717949803
9358,965.0394299168951
9359,4485.841365513083
9360,8439.662167101958
9361,3061.874986023653
9362,3497.563959970871
9363,13803.68624401485
9364,11157.170959627521
9365,4971.191222747874
9366,4154.65541000646
9367,6443.9494213468815
9368,4247.552135688736
9369,8425.071096100914
9370,4425.770627149284
9371,524.1030963828017
9372,508.20948582987666
9373,3331.1795241931645
9374,1494.2961755424506
9375,3450.314974509353
9376,13674.828903782576
9377,518.3819186419922
9378,4728.247261191817
9379,634.7041316757565
9380,3207.1177502872292
9381,12369.962896058069
9382,4286.983466518188
9383,16018.6242757249
9384,4812.925516727597
9385,543.6840306908819
9386,3457.7770788545226
9387,561.9797377278434
9388,15800.816606931428
9389,4757.781433789406
9390,13888.778596834556
9391,610.6447837815956
9392,9413.196416796627
9393,6161.133596891418
9394,804.8688734599398
9395,4221.80018881056
9396,631.4477032442637
9397,877.646683811386
9398,4954.853933924695
9399,1121.6748689131741
9400,7359.189631983072
9401,7906.928654536091
9402,7658.57099666727
9403,11134.183725113358
9404,15916.151201187287
9405,7025.65816272172
9406,524.1588079516865
9407,701.5961006825572
9408,7060.476619411585
9409,3396.160280267047
9410,649.3294908946137
9411,11671.19652194856
9412,4728.03729450173
9413,4356.617167290459
9414,7531.083386449898
9415,1852.3801329149921
9416,514.8185522775578
9417,14439.29227590591
9418,16044.511251448928
9419,3356.629919478308
9420,3666.073100810464
9421,3019.6356002589578
9422,4165.0460320319535
9423,1322.5345392010909
9424,4338.848221432005
9425,14882.975692559408
9426,802.7237072489193
9427,14127.034629202532
9428,1979.4167359156502
9429,850.9803243061382
9430,928.6572032797815
9431,13806.298342161248
9432,2659.6263479767754
9433,5935.541734782748
9434,4109.489343027005
9435,4835.71359002196
9436,10073.656715188921
9437,3721.24328882454
9438,4436.032639892355
9439,1387.5346767457497
9440,12393.174163225422
9441,5025.0616686962885
9442,1329.11753675179
9443,7396.7236669360445
9444,16496.963629382677
9445,7189.35442636579
9446,2278.087185481902
9447,2304.2803405956033
9448,595.5194766575828
9449,1305.7698733284058
9450,11722.206640942444
9451,1001.3895118721849
9452,5490.385492704185
9453,4134.839069421363
9454,720.1510481450078
9455,7410.835087924484
9456,855.248620867017
9457,1558.8746704435512
9458,5670.308622540699
9459,10162.55809754309
9460,687.9812036259837
9461,516.6390499812959
9462,15267.598625582004
9463,7152.854908600515
9464,603.6673537722273
9465,4667.647072874113
9466,15008.508533843557
9467,1266.3136952515401
9468,17025.76198870848
9469,2722.2964530662553
9470,662.8933758203964
9471,11327.711251069972
9472,11512.406954259784
9473,705.7970371816219
9474,2495.154617911842
9475,4945.9329948240365
9476,5256.003785715156
9477,5919.38743930188
9478,810.6509215409848
9479,456.94022209659994
9480,8165.848453360347
9481,1245.725535319972
9482,1774.7556431811831
9483,3818.814388223499
9484,1846.634549027772
9485,1503.7895128768505
9486,4706.618176898033
9487,2240.600188610451
9488,3281.2639007182656
9489,4462.972187502205
9490,4464.0506539069165
9491,5019.137300186471
9492,1303.8695816127722
9493,703.1849955497217
9494,783.8438799149127
9495,2423.6992932499415
9496,15623.793421255485
9497,509.03082097126196
9498,784.7947512730769
9499,603.5235974884488
9500,2576.0177735589973
9501,652.110007972024
9502,1182.3059492907737
9503,2676.546250784689
9504,5220.415149573345
9505,2062.2818249812885
9506,6411.203414830265
9507,4615.458724690732
9508,3662.402069915434
9509,16838.81970426169
9510,1698.2403733004599
9511,591.1750985225816
9512,3885.437915286135
9513,2875.275563230938
9514,742.5506052091429
9515,4936.867112400982
9516,15954.149414592295
9517,2363.505585004986
9518,739.644529014839
9519,1795.7149102556934
9520,3307.1633491956727
9521,1597.3323059321074
9522,4394.195077469845
9523,5485.881307884433
9524,3803.7983505305565
9525,3380.1286500015913
9526,4767.750764242838
9527,2659.8543115550824
9528,770.1461524225211
9529,841.4746964604217
9530,3970.1057932024814
9531,10891.840642493144
9532,1179.3374977803119
9533,2780.0330288302225
9534,5371.6445733703285
9535,1092.2742973694635
9536,3410.2536167898943
9537,3517.1664002227462
9538,4442.20611608455
9539,509.64041474322244
9540,2091.7124571538766
9541,714.7556219944892
9542,2006.453519438027
9543,1347.4102882803468
9544,3148.924739946687
9545,980.4405732433229
9546,5223.423999598074
9547,805.9723245271779
9548,2452.5614404110765
9549,3089.5072180523252
9550,5218.770063445604
9551,1065.5527599439852
9552,14820.943281583874
9553,568.2985155894368
9554,949.3781943342332
9555,16485.513324710068
9556,2283.35505464557
9557,15627.503473982397
9558,16273.18729965519
9559,5934.428204162649
9560,1329.3659429240479
9561,483.75816273344986
9562,876.1097707387529
9563,2959.2852348823053
9564,3515.460141591563
9565,5050.913497585369
9566,12851.62548713789
9567,2455.5383294662306
9568,1904.47475927511
9569,5041.305923669705
9570,6984.314486178004
9571,8150.834890548315
9572,9684.058727225083
9573,3674.392490952005
9574,3924.5988587054926
9575,763.1598666098665
9576,8725.01560798711
9577,17683.188745240433
9578,815.2350337510532
9579,2734.1459951402735
9580,968.8026859030417
9581,473.08612521261745
9582,15801.779055748106
9583,15782.989976749575
9584,1027.864182676767
9585,3398.2860708998046
9586,15981.49377671783
9587,1695.793112646762
9588,648.928090127724
9589,6147.616358233836
9590,3207.506778519663
9591,1907.4714131378619
9592,868.5074928516628
9593,5470.376140544392
9594,6983.858752786929
9595,1767.4418393763447
9596,6421.5175735962175
9597,13511.015812415659
9598,2383.073167782738
9599,725.8514201493223
9600,898.259889376883
9601,5610.826368870443
9602,7413.061427177944
9603,506.66779215240956
9604,12843.386844262172
9605,16057.434827918696
9606,13320.769254726492
9607,5418.780801227432
9608,4409.660081256776
9609,595.9287475190689
9610,5325.365125435984
9611,639.0250454695939
9612,687.1195627726056
9613,2467.289342295409
9614,1146.451216124649
9615,14278.460910404858
9616,8150.350344247388
9617,870.4030480760755
9618,2976.2601215316668
9619,3481.9803368380008
9620,6346.284103144663
9621,966.1885271656158
9622,12865.283388155754
9623,7332.120988291876
9624,1996.1668005023987
9625,11043.834794863333
9626,520.052498182229
9627,998.667777837674
9628,585.9702720665181
9629,641.2075399502828
9630,575.5589381626709
9631,1687.4676996091218
9632,5492.027055654454
9633,661.7816244382608
9634,641.9816014209468
9635,2344.2029664537126
9636,5341.3583580042205
9637,2620.593584476011
9638,402.07604108671836
9639,4890.876775979118
9640,8444.30010235882
9641,851.686252858314
9642,8617.870226750183
9643,6037.823753259699
9644,1414.766323907712
9645,6556.288347356378
9646,547.9636070526823
9647,566.4924931883654
9648,5354.018990757479
9649,4804.884733336092
9650,2662.7620226055037
9651,5145.210544687324
9652,1581.9356176742897
9653,754.8523311487277
9654,5355.134172073431
9655,5442.5754076186695
9656,425.7922134043063
9657,974.6586483995392
9658,7560.296555169662
9659,1157.3297984508622
9660,849.4653863200151
9661,4935.928321558485
9662,4427.465113161805
9663,3014.2502599114728
9664,4677.8450022571615
9665,899.1279993878372
9666,802.7452457920155
9667,14635.293449800442
9668,2618.6146247225497
9669,2746.5425143557386
9670,1002.4071808539413
9671,2308.565583454144
9672,2359.4756890388767
9673,1105.9393651196485
9674,9956.468643417964
9675,7669.980568121911
9676,11417.122734264525
9677,3383.4382391377358
9678,1094.4800475393986
9679,5293.548261782178
9680,619.338928283871
9681,2229.226866569591
9682,3084.1742183339175
9683,10393.314878135901
9684,4447.579812815097
9685,1953.8680971303181
9686,5683.917330572413
9687,13154.858140607672
9688,8871.178646761502
9689,4477.9893216418905
9690,782.447623323797
9691,1094.4479459158078
9692,1627.4272557390714
9693,9880.209419122815
9694,760.6606756027196
9695,4955.411342117446
9696,1227.1053991193737
9697,810.6854699062346
9698,436.1270568702828
9699,7890.956384755791
9700,4178.682122922946
9701,453.257434573846
9702,806.8595098885221
9703,826.5258409693165
9704,6452.58527175744
9705,488.37998892846565
9706,463.36504067059445
9707,2247.277920192005
9708,644.953966423697
9709,2221.386180904753
9710,5739.928065120679
9711,13271.52429074673
9712,2667.028732832961
9713,6397.702970973327
9714,3893.2516693937364
9715,693.5096153327322
9716,7543.233703892352
9717,3464.22958984375
9718,515.6380682623536
9719,8780.018151375472
9720,1975.7583662021602
9721,15860.598223870293
9722,3460.0532298929056
9723,7310.8932992729815
9724,17362.32718951513
9725,5340.099801143107
9726,2399.46291316577
9727,2947.5358255967476
9728,5106.770702374271
9729,7483.274189444901
9730,1034.4726989147434
9731,5142.236704598953
9732,5284.835895717456
9733,1818.9052152581542
9734,5078.015363264271
9735,900.3114265027203
9736,6475.544939267629
9737,1047.0122995037543
9738,2355.1362438521924
9739,3266.6715787149046
9740,479.9586138706783
9741,6908.534601819449
9742,10071.118223005418
9743,6746.164432710255
9744,637.0356806658201
9745,8637.718637343278
9746,750.0559353409544
9747,3625.711005433116
9748,1146.5901646564917
9749,3857.003311660771
9750,4459.207397101615
9751,13819.346818694987
9752,13509.88868491131
9753,2863.240895250686
9754,772.0057033910267
9755,791.3983807726596
9756,1264.4415114374415
9757,4812.359894643566
9758,2485.887916466291
9759,894.8248560335617
9760,756.7287564750796
9761,6319.675709979973
9762,840.7216043914696
9763,1053.6379489254684
9764,3383.9339052147457
9765,794.3860603355938
9766,1435.654325698626
9767,2719.1418785220976
9768,1367.5011189821516
9769,3629.228116656272
9770,1149.1930838083658
9771,556.9583648367434
9772,10078.875
9773,14712.525806881713
9774,2918.489808537051
9775,3323.3989726195978
9776,866.811737329188
9777,1036.3437916840846
9778,842.1969835115266
9779,3716.110607201251
9780,2793.9775055045925
9781,902.7942570167228
9782,12175.644156337989
9783,2514.895585427555
9784,2530.369049665716
9785,1162.2766629172436
9786,9913.363001414094
9787,1032.1495628213515
9788,7367.1111155827975
9789,1064.55792432469
9790,1181.8071212924183
9791,580.9332654729117
9792,1026.9343156343
9793,4594.318913593122
9794,3752.120873284469
9795,519.1347542103499
9796,1808.2374661519116
9797,8582.455636765813
9798,5092.551763607039
9799,723.7494142918041
9800,17322.285580463864
9801,4748.103299386087
9802,549.566489521418
9803,1632.4681546306344
9804,14173.24594855808
9805,8515.768775826786
9806,3443.178598655315
9807,960.9168642176945
9808,9179.852065748475
9809,811.3170727618015
9810,1042.1345283116611
9811,5872.859173678226
9812,1892.2318589617485
9813,2712.5874700302443
9814,4247.671624190001
9815,4570.647093067479
9816,3555.275463821967
9817,2491.39741379845
9818,683.0848146693321
9819,474.66244240403495
9820,711.354195368596
9821,1387.6700906746014
9822,1932.0349415397504
9823,2257.4861630394344
9824,12029.35801026668
9825,9689.26560239004
9826,636.2722986786242
9827,17581.42985250395
9828,865.5635984272687
9829,4100.015722872018
9830,6379.254903116665
9831,573.4176975095137
9832,561.3302578735896
9833,10518.179257509377
9834,5373.402461826212
9835,4072.7907304067467
9836,10147.11796875
9837,4352.39062164457
9838,14834.615234375
9839,2224.985101496719
9840,4881.444152087465
9841,3949.106507080795
9842,13879.3727694968
9843,843.8079183365012
9844,16501.87297904989
9845,688.3741756715784
9846,5436.70919900877
9847,478.3629117648172
9848,7678.367441054499
9849,1737.7946154486365
9850,6148.326839336075
9851,2886.907399697565
9852,889.673652142812
9853,10370.648658716014
9854,711.8044541365683
9855,758.8452950322259
9856,5496.1046395918775
9857,420.58722826991414
9858,7717.336827815923
9859,2085.8699476160364
9860,14495.599429364964
9861,16185.456626764146
9862,748.19602147291
9863,864.9312728567518
9864,13809.652885857986
9865,4768.492446740389
9866,9262.264246814242
9867,3474.6910582338614
9868,5227.539549134845
9869,1967.1189594481452
9870,1290.9812088667186
9871,1474.5142793670618
9872,4384.408793458061
9873,838.5805925532399
9874,5312.975045519237
9875,4445.001682448606
9876,4871.3797296995535
9877,512.7358536265158
9878,8036.109445377945
9879,1466.2146690953048
9880,6657.718375672441
9881,1423.2246666746485
9882,877.2603592316201
9883,870.4284240178965
9884,2655.877716010349
9885,2626.4903705690926
9886,4414.711648887721
9887,1092.5930635007774
9888,5246.422391886276
9889,15289.28485005071
9890,854.986382897728
9891,4170.003560581476
9892,726.5958882010251
9893,3596.6006860811326
9894,558.1945557714918
9895,1253.5375963674062
9896,981.2390004712666
9897,2864.9058426397714
9898,783.9623614495908
9899,5841.660114732203
9900,2753.720849239275
9901,4288.5723798991585
9902,2828.49228591837
9903,1701.3595732331864
9904,1387.9824711050126
9905,2726.006272231424
9906,558.1376539712464
9907,1004.0906519764715
9908,8178.17825221379
9909,12348.423294120392
9910,1089.9262186079034
9911,8918.017495880906
9912,842.6245960854075
9913,743.0189449509693
9914,17303.300010334584
9915,2811.8187569266674
9916,10292.599980130546
9917,646.9194640426947
9918,3336.9675938446344
9919,560.8960668821443
9920,1156.60192729123
9921,2297.399209679065
9922,3309.228283297597
9923,11738.990184276665
9924,1525.4558945699002
9925,833.5811558568859
9926,6390.771979361135
9927,602.020843714253
9928,4595.629814930388
9929,7469.207834252347
9930,4655.559246464209
9931,944.4665148042646
9932,2134.752496320116
9933,1595.4632676063684
9934,9396.270186825828
9935,4611.089772699736
9936,14155.820078283197
9937,4226.046388554177
9938,2591.3596657226444
9939,1009.1950655180098
9940,755.5542229428128
9941,1067.115471648789
9942,6377.597091970593
9943,8658.027756090625
9944,13836.869886798273
9945,3647.027632701401
9946,2407.956930747736
9947,5220.181687788742
9948,8075.277942540539
9949,2563.7038298752555
9950,2879.957228930203
9951,4917.866137446439
9952,1766.0017794609948
9953,3558.8207433918587
9954,1616.9299928965913
9955,414.5177696457308
9956,8823.775286045353
9957,6298.665318085433
9958,1097.4301170370902
9959,3014.575602641613
9960,2523.6282431794584
9961,11071.89560843028
9962,8862.896806571216
9963,4164.919722361211
9964,1182.7008976622958
9965,3505.260904131943
9966,632.2350041396376
9967,2192.788951475543
9968,573.9226066160277
9969,16160.457909234667
9970,451.0581648046459
9971,524.9664158157735
9972,13679.692432994714
9973,8103.1222146954815
9974,1718.33049698841
9975,735.6720722052563
9976,3178.2871026271728
9977,1964.8009904776186
9978,5675.532735019398
9979,954.0114897738601
9980,1061.8245609053938
9981,1567.7519689707144
9982,4298.396125736906
9983,12367.359765676549
9984,9323.43215731314
9985,8352.276361645236
9986,10473.637031578037
9987,8112.70258880738
9988,3007.9093102470906
9989,833.6077391420956
9990,13647.07530558394
9991,1715.7236954264927
9992,939.7896884763898
9993,8540.10900348559
9994,4348.604801681994
9995,1810.5110965814379
9996,998.4673615125344
9997,1834.0075949144818
9998,6609.540783841596
9999,5529.729327434472
10000,6800.735623522704
10001,1290.7425051509379
10002,2121.3972645946687
10003,789.3029416595115
10004,5271.664217151078
10005,10642.189055591018
10006,1086.6615951243805
10007,3969.1876482588086
10008,5017.318694729616
10009,840.4442001416762
10010,9261.257732530292
10011,775.8545818427181
10012,8004.333609240027
10013,3164.7688146243895
10014,607.8677207527071
10015,613.7278093470962
10016,1150.7518539101443
10017,2033.0913417088595
10018,3843.344596356414
10019,15276.41149099487
10020,778.6126536552779
10021,2917.6143878132093
10022,628.4133428522575
10023,1029.6192593183134
10024,7223.661964196194
10025,1030.5540708428007
10026,511.85602969337407
10027,774.3173919992769
10028,1051.4112449369156
10029,1451.4075183663244
10030,2457.6995458657184
10031,5270.599508408482
10032,5392.975434970913
10033,4405.652343026097
10034,4736.253103054765
10035,2930.9815047049733
10036,3691.579978001247
10037,686.5736423611742
10038,14627.694680034707
10039,2543.267946086525
10040,4197.091920884363
10041,9793.168568182986
10042,4266.431575754664
10043,5485.78398314999
10044,5474.8926298928245
10045,806.6499289142926
10046,552.8950091164821
10047,1049.807308561072
10048,3157.415193079529
10049,8399.519981557356
10050,7927.69658203125
10051,12367.690430586093
10052,3484.0238323710987
10053,11386.535861369455
10054,1248.7557513587058
10055,1332.8456385340162
10056,773.6328415488622
10057,4337.001690037424
10058,11621.328188284102
10059,6635.763223300137
10060,729.0745418890937
10061,7131.281677286501
10062,918.7963219033192
10063,2911.3034009176586
10064,2307.553924286602
10065,7843.365730203637
10066,911.0043290532229
10067,3045.5432547091777
10068,2845.9337065684467
10069,865.2737522687969
10070,483.5044905976906
10071,752.1004972765331
10072,488.93351329248986
10073,4172.02288303997
10074,6883.370752979565
10075,964.6469347596322
10076,5569.189623226932
10077,6884.926844586408
10078,6336.386804282056
10079,551.0313202701602
10080,7437.273771272315
10081,959.7807320557946
10082,758.8614082581746
10083,13994.113207665234
10084,4424.936017964197
10085,829.9635953654332
10086,2599.241301306787
10087,789.981135786711
10088,14795.151531096593
10089,4924.491224750876
10090,12816.653310449406
10091,4121.3625699406075
10092,2013.150504681584
10093,3942.3243028519933
10094,4157.611578632038
10095,7478.946847858313
10096,7187.013023309575
10097,6387.170156557213
10098,2531.575674293155
10099,2932.4037343970354
10100,7269.417468510506
10101,870.30303172132
10102,2700.1518627967284
10103,2991.128952689204
10104,2943.5818226520055
10105,2618.083200477808
10106,5709.484265225878
10107,4470.113409992158
10108,581.8765659900741
10109,5875.256219503049
10110,653.7428476684141
10111,605.189699679688
10112,3853.8848510341522
10113,2138.7680465108474
10114,543.3363451161857
10115,2197.571037847687
10116,1034.4887661727228
10117,8006.898751982884
10118,629.3726803503616
10119,993.7313108030186
10120,4442.3465866722145
10121,6135.712926508939
10122,1362.8138566704465
10123,1610.7937323953036
10124,1752.1964356075434
10125,1595.3103064514646
10126,4125.980103410609
10127,2683.240248699962
10128,1749.0163009523721
10129,824.8498446431488
10130,2182.2716612879203
10131,507.21390331772335
10132,700.7556938980875
10133,7606.744433943244
10134,7240.172262601161
10135,4563.959144258467
10136,2669.3957638262173
10137,3326.8010056521334
10138,1972.5996285255897
10139,6408.291563373532
10140,3985.2335665338173
10141,4783.110618435097
10142,698.72138247699
10143,1037.2119944279516
10144,12448.07204911889
10145,896.5066344881989
10146,7392.202990487887
10147,910.014199030704
10148,656.7489911401838
10149,1909.0763019882306
10150,634.9381291911071
10151,1101.098151331522
10152,1675.0440846472673
10153,5807.160546875
10154,866.941938212873
10155,741.7005563545617
10156,1278.5046146505
10157,12576.335624035339
10158,2250.229966465376
10159,879.5943578804754
10160,11322.811994295344
10161,8930.506908410027
10162,2471.7100259663953
10163,4506.776239038329
10164,5529.467596745309
10165,754.6029137665059
10166,5348.211446281085
10167,2554.424595227846
10168,1810.3178537234685
10169,1216.0430232980614
10170,891.8603029017204
10171,3833.961148902717
10172,2807.5732057530004
10173,2200.7927714388147
10174,781.9618638909752
10175,1320.1459530049265
10176,698.0923023382026
10177,1378.2352715881152
10178,4538.84019860601
10179,1024.8786889048204
10180,4976.5759055918
10181,16651.62467510758
10182,12627.797608237184
10183,5801.713036700655
10184,2498.7533141903737
10185,961.1299356994487
10186,972.1861367304697
10187,724.6033531024732
10188,1793.0395212262538
10189,5140.423538701715
10190,8178.276998179127
10191,1107.2503308500116
10192,3186.5034987310883
10193,571.3387140012356
10194,691.2161349717766
10195,3501.7040677411205
10196,5172.040567234113
10197,569.091622256849
10198,2380.3522544430934
10199,7599.257418412653
10200,10932.853158063364
10201,4866.013881284656
10202,6945.849121037701
10203,510.9029176217642
10204,2607.9493147542494
10205,1355.2050296725647
10206,568.8737762537605
10207,11712.947720256696
10208,12254.871170010985
10209,446.52989806145166
10210,1083.0458942114308
10211,1190.3137156087391
10212,1003.8149133107775
10213,10323.66204609417
10214,3007.457154147137
10215,1674.0581345006633
10216,9021.698386025237
10217,1887.6666704233319
10218,3359.5443954450416
10219,4551.282970441888
10220,1033.8264904978203
10221,5680.799090057758
10222,804.9412179644869
10223,1432.8165501286317
10224,2146.5816968435556
10225,2443.645970836552
10226,1089.8153625155303
10227,530.2750325845508
10228,604.4316589383341
10229,809.7055944554309
10230,11277.844143763883
10231,3049.019124017378
10232,762.7762833093199
10233,4188.5605984619615
10234,6657.755319593132
10235,931.7603269471448
10236,469.4048915658015
10237,10628.593201788784
10238,6429.576107068925
10239,4865.875433405001
10240,629.646946274945
10241,9102.627978383494
10242,2673.806775153175
10243,734.3693762671483
10244,4795.0587677866015
10245,1965.6132980535574
10246,494.53110620054804
10247,16442.135890644728
10248,16032.008583769926
10249,16603.06724841914
10250,10768.722263153268
10251,706.0488115266027
10252,6316.801617039083
10253,2733.510241666206
10254,1710.06368623577
10255,510.2753458880241
10256,1811.0947946149063
10257,2321.231667070033
10258,2396.7784402989
10259,7332.686419656522
10260,2779.3060593377973
10261,2933.759654909487
10262,9440.047093785626
10263,709.9117350260417
10264,4833.896398137494
10265,826.9459834577692
10266,2483.4220238211706
10267,419.51664105349016
10268,793.4633997779555
10269,2207.3388676221475
10270,7131.621753185845
10271,3676.8989134919357
10272,6529.872539480798
10273,6416.655174544157
10274,1076.8180994390264
10275,6659.730215899002
10276,503.0179182688982
10277,1707.5788729711294
10278,4673.778113538568
10279,1050.1267024552465
10280,9721.06992471855
10281,10841.756201410915
10282,897.2262948596532
10283,2511.000665175717
10284,1824.427553040414
10285,575.6506516367986
10286,469.32242315481545
10287,1976.0147387550758
10288,9269.700156526404
10289,7734.024317794325
10290,613.5702593940157
10291,849.038576063449
10292,594.619713780504
10293,991.9291174470536
10294,1058.662059950648
10295,8571.342626504284
10296,16862.84717948604
10297,6091.200304944993
10298,616.2343115811487
10299,5339.742093973932
10300,2870.2688346736936
10301,9389.871144277515
10302,987.6500021456532
10303,440.4702991608818
10304,1957.278593830151
10305,929.3875758793876
10306,8450.287180845104
10307,5197.2443849298215
10308,1699.31201829119
10309,4863.625916455507
10310,676.9356004128532
10311,4226.459823191017
10312,882.9079471841986
10313,6282.906747059542
10314,16728.72495795263
10315,11676.26950940497
10316,831.0492343082191
10317,1891.172297691599
10318,12504.5572793652
10319,15595.792219896015
10320,1704.1533026244422
10321,5676.74440677401
10322,526.4670636027176
10323,1074.6020967058175
10324,763.3939576137989
10325,3578.0367846290637
10326,3110.5252328052275
10327,7406.442424119585
10328,2580.7506906571825
10329,6397.073479298487
10330,12170.970860696949
10331,797.6339651570543
10332,830.6529420819295
10333,1591.6304475479305
10334,6140.462481574995
10335,1045.0390354459016
10336,7615.393331495544
10337,3042.806490969968
10338,4314.624355756326
10339,11598.354713148266
10340,4440.802172022374
10341,17982.348483645543
10342,1683.6734243710303
10343,716.6502403930972
10344,5220.564631080985
10345,2016.2584389166316
10346,1210.4599147334766
10347,989.5712099155681
10348,10246.881499771553
10349,5026.468916022762
10350,998.9731327749446
10351,1625.0318535249803
10352,1003.4683778264831
10353,950.9414753583147
10354,3720.73947428963
10355,1728.5577651144283
10356,2952.97436769927
10357,6595.373883843216
10358,415.2919482544182
10359,5034.916154641778
10360,4601.185785076741
10361,1832.3417450161542
10362,8077.916450083207
10363,667.6144434889958
10364,17534.931528600187
10365,6406.642260056856
10366,2273.612287646573
10367,9228.371499868126
10368,7488.833653997122
10369,5062.693548191931
10370,4615.518114387267
10371,2661.930343644001
10372,802.1573009759622
10373,4902.034619012983
10374,930.776785882045
10375,3114.655870195388
10376,5713.697825590502
10377,684.5449030463717
10378,1070.6871646427153
10379,791.0960759786215
10380,533.4429126535357
10381,962.3607635197217
10382,2152.542197400275
10383,884.9834576648996
10384,6754.1981005833395
10385,2387.6981867599447
10386,16002.097381811922
10387,11836.864195024646
10388,694.0105892836689
10389,4399.385795448959
10390,932.8568929323244
10391,1408.0820636636697
10392,8820.068454717886
10393,705.915316131353
10394,957.2934412608871
10395,819.4109859613233
10396,2660.040545756054
10397,521.5133210557414
10398,2261.689796426364
10399,1167.0750137782163
10400,894.4820439578305
10401,2183.4828787021384
10402,5274.73305486326
10403,1036.525869138715
10404,2228.2002656160366
10405,6152.197301434072
10406,526.2637615600937
10407,3570.0461804765446
10408,9151.707144807417
10409,3861.514207928289
10410,10336.937390490644
10411,554.8337107330872
10412,2370.411227531185
10413,763.8785188116271
10414,4059.4771901058343
10415,3979.674444315266
10416,3291.523257820958
10417,6038.564597042258
10418,951.4309221475935
10419,3085.281576433922
10420,7518.48553866526
10421,2596.0584753976027
10422,2749.5349376565155
10423,5193.3763189526535
10424,4486.288969248889
10425,866.874895049966
10426,624.0092932785071
10427,803.285126549266
10428,690.0045315491386
10429,11412.509451670294
10430,3544.7731959450975
10431,2741.5295385925865
10432,783.4389334709681
10433,448.63386335924463
10434,1955.814904658748
10435,2674.458841314451
10436,657.7103145393294
10437,601.942596995052
10438,2063.7187106991623
10439,3945.1539329119923
10440,17673.269855631865
10441,795.5728548902614
10442,6200.6276209200305
10443,615.0611004221337
10444,2413.0014194212554
10445,621.8041562094362
10446,970.2526714525508
10447,14273.663596665549
10448,6634.272962274077
10449,9674.308256952341
10450,2838.7079507476415
10451,869.242702984979
10452,1048.8346892820455
10453,2255.6476231572574
10454,13461.164989808087
10455,748.9739120607804
10456,1843.8257359040654
10457,6695.291248521574
10458,637.273974411696
10459,3128.9012230865483
10460,5259.771054858247
10461,893.3849611221941
10462,5925.125439293061
10463,2348.935196426701
10464,6893.837440131971
10465,2746.8123204170342
10466,4146.932979829682
10467,5473.592124218213
10468,805.0735517398709
10469,458.3673741445405
10470,1009.2992890339145
10471,10792.15945259614
10472,1014.3817376757551
10473,635.2381256714625
10474,3302.8303196453544
10475,6383.334640542561
10476,7168.245875414643
10477,3201.4663637071117
10478,2065.9810757201403
10479,886.7991190071419
10480,5209.360601894345
10481,1672.4154365710056
10482,1813.9770854137407
10483,3132.6915068937806
10484,4655.60006982784
10485,396.46682414664076
10486,4450.334963521088
10487,3463.5717878328414
10488,1722.7494184449718
10489,14294.485521446752
10490,1799.9907838229983
10491,587.3541357738984
10492,1204.8961235342365
10493,4053.388347403433
10494,9610.182335236854
10495,14654.631808982307
10496,4065.273293567529
10497,1795.1605213690327
10498,889.2276675591023
10499,4635.565746692812
10500,3045.2140719527483
10501,5144.951889301882
10502,3860.5653198062037
10503,11209.956877524186
10504,14144.46331710635
10505,4520.311977065688
10506,3097.5698516651455
10507,12438.471353649895
10508,5232.639713078108
10509,5165.8040310378765
10510,428.8916480509599
10511,2445.8793617480974
10512,3929.270667443321
10513,1771.5735776796123
10514,3706.7300139915383
10515,3319.897061939603
10516,5140.455759308676
10517,1252.2065254480378
10518,2896.089351456524
10519,537.3667069700579
10520,4449.5866258736005
10521,4114.642897461726
10522,3489.788021942376
10523,15666.079665837966
10524,738.3932268041059
10525,5097.1289436387
10526,582.9740884066761
10527,760.7858567043213
10528,1462.4959658513635
10529,1497.5329085941173
10530,6241.8200023599975
10531,852.8615447343956
10532,11599.663175834134
10533,3660.396264331056
10534,1871.6957385181524
10535,5156.174009836152
10536,439.6067211575875
10537,496.97157873642425
10538,8227.906510002162
10539,2064.784338891024
10540,7192.029072122041
10541,638.9615306084803
10542,1522.930541006147
10543,2781.669941463194
10544,1575.2163909306962
10545,1073.3156033871746
10546,3870.123000169169
10547,999.6078292230679
10548,590.456904925968
10549,5098.62925447842
10550,597.8703332712862
10551,1512.1408362096706
10552,755.0970101405551
10553,2946.639018935372
10554,2386.4934356289036
10555,1587.4938793145016
10556,6460.883161665248
10557,3395.552468977467
10558,5776.2864289741165
10559,877.3273622104232
10560,1716.074408121494
10561,7923.025050379418
10562,377.0750747456928
10563,2578.3486263136806
10564,1064.3075205518683
10565,2263.8186464367623
10566,526.2339702495092
10567,900.0744003606376
10568,1107.6201260517146
10569,1368.483463602709
10570,3137.445492299647
10571,4753.558875120256
10572,1798.1182692519847
10573,16580.95931236573
10574,804.1260771780302
10575,1711.7836986312927
10576,4123.292071660259
10577,585.0352799688872
10578,1031.3493967042034
10579,2087.772566878153
10580,708.5283984867353
10581,1890.4908461628247
10582,9157.006406400471
10583,11840.276798160103
10584,1948.9608283065832
10585,6097.014867028963
10586,16567.109275088
10587,604.2071309170116
10588,4450.68577288628
10589,6803.227923489976
10590,10819.805770659254
10591,527.6700160299044
10592,1676.365791233213
10593,4936.780014675147
10594,5379.105016416427
10595,2490.894721212948
10596,4356.175345587444
10597,2389.652503445866
10598,541.768404211268
10599,4005.762748082183
10600,764.009336695164
10601,790.159164589052
10602,1703.656574585923
10603,3910.8397584979302
10604,11378.40475688404
10605,1111.4585515313147
10606,1701.945381629129
10607,3785.4867855583657
10608,3922.3044565446476
10609,4327.461766831609
10610,9062.234313306575
10611,616.5898111365924
10612,591.3142818760887
10613,509.6033878206448
10614,2278.4100384728254
10615,909.9552292285483
10616,4882.037250305158
10617,2831.806111136049
10618,728.6640745133807
10619,2301.32068883426
10620,5089.631543189856
10621,5351.986496595102
10622,3207.246195643324
10623,4565.876711017096
10624,4681.167080018527
10625,860.5107778769586
10626,617.6609320487788
10627,640.1469587370156
10628,4650.843880785746
10629,2705.8000662965887
10630,644.3356669414298
10631,1408.4404778049686
10632,3512.141803075397
10633,10645.397875357294
10634,1476.2042041955917
10635,793.0645693947523
10636,1777.6125903833736
10637,2677.9760630412893
10638,1049.7010934217321
10639,4337.887343526878
10640,2509.7802742266463
10641,525.0253389829786
10642,3355.150337714769
10643,1506.657965790056
10644,2385.187944925457
10645,9246.849932636167
10646,765.8786471369705
10647,3711.2705429078833
10648,3983.0662335242737
10649,988.5007199542107
10650,4134.91279590666
10651,824.9577618515412
10652,4509.696317835271
10653,1236.158507107117
10654,15030.091032815219
10655,2478.7763575712606
10656,16278.695176098745
10657,3293.4676712444048
10658,4275.167967830181
10659,659.6519075192507
10660,2509.5431455353864
10661,5378.068465489984
10662,4116.280547377202
10663,8320.110841816075
10664,2699.383174466676
10665,589.5645618665843
10666,3967.6142587172576
10667,16618.765449313058
10668,1760.257791036307
10669,698.1276356952903
10670,637.6942775607565
10671,5581.319074513708
10672,1673.7210032807911
10673,870.3566317891986
10674,854.7960474361778
10675,4439.292419844245
10676,738.6383183269221
10677,786.1229005439754
10678,890.1659092377561
10679,9294.439729311509
10680,5458.454718164317
10681,2931.1605731466175
10682,1775.4089642687627
10683,1722.5757009760125
10684,8464.050941764053
10685,9658.230944637933
10686,2062.009732477214
10687,603.8104051134276
10688,929.8355894851745
10689,706.9312975186897
10690,6424.236837759867
10691,7393.192621570048
10692,445.69293845173786
10693,830.9693446850033
10694,518.6903984920062
10695,694.8112562032746
10696,715.390673196679
10697,9865.946408339509
10698,4118.17823273164
10699,1366.5490516710227
10700,5316.942768294508
10701,6910.0062752327085
10702,511.72460693912905
10703,1835.2400929420714
10704,1569.3770362962518
10705,903.8328874603507
10706,1709.818799199198
10707,706.1949966709699
10708,407.73806893756836
10709,4980.334058901257
10710,1697.7752034075086
10711,2051.398822337673
10712,10815.319225045188
10713,805.4043030699208
10714,1039.850620760967
10715,15642.504499731574
10716,1136.698568976281
10717,644.6785928044376
10718,1010.1450294434771
10719,1195.2843158590658
10720,2386.3205835032422
10721,891.6162784295484
10722,2469.156593359192
10723,958.8126636399303
10724,5101.98257441451
10725,1723.829616537498
10726,1334.5716884918636
10727,2747.3612348045594
10728,657.0055914738779
10729,5782.536097800431
10730,825.0504776469904
10731,1353.9202216150259
10732,3973.5369825983116
10733,3792.7094143905215
10734,1025.6610096582112
10735,4915.4068625964255
10736,898.4747508118471
10737,755.6335185684202
10738,898.8590535506435
10739,14436.167592921403
10740,847.8208847178157
10741,1780.1818890130419
10742,831.2653143424913
10743,3298.7446065009417
10744,5244.628344226747
10745,9190.574403676723
10746,1248.587782858188
10747,6723.853938678403
10748,3854.0075074045203
10749,2116.7587692940056
10750,2118.151294315909
10751,638.7550294161792
10752,1144.777084097275
10753,1335.0023485121717
10754,2468.8374790154944
10755,1123.7378298772712
10756,601.2756370674723
10757,1147.065069552527
10758,6813.900726468657
10759,859.9844138275511
10760,1514.5308028575123
10761,2143.4074514428576
10762,3973.8754742235187
10763,6827.5475821065975
10764,695.1196629261387
10765,761.4700754703472
10766,11405.436528104554
10767,5691.963771452573
10768,16723.468608596173
10769,485.5787634849401
10770,11940.174111394317
10771,1711.8725557903776
10772,2440.4122153102944
10773,6529.6612966620805
10774,1084.3206950803333
10775,4864.766332595668
10776,2114.1797812126056
10777,9262.776160574644
10778,3382.0596197548907
10779,13778.674106004393
10780,10011.004920479983
10781,1630.5589090790243
10782,3349.4519000930923
10783,1320.4758479420734
10784,584.766189728934
10785,1693.3069302804997
10786,8517.615223237504
10787,4287.409286123056
10788,6563.43453969327
10789,4661.695180331913
10790,877.7694773280606
10791,4361.927777671973
10792,4958.729090303489
10793,8685.21344839972
10794,4636.514995980462
10795,7600.392918015639
10796,1274.526789538738
10797,8429.470448991544
10798,7616.151320641998
10799,939.7911012372908
10800,3997.224381855004
10801,4385.101946692042
10802,926.7888878536318
10803,5140.391102676807
10804,642.1911794146874
10805,4029.733475602954
10806,571.7010177315993
10807,547.6562579446005
10808,729.6932774816714
10809,646.4102667624519
10810,3826.1666873267995
10811,9791.589567254368
10812,11198.634908501279
10813,11098.8908712805
10814,8231.21423767945
10815,3073.991751744063
10816,1716.745826521467
10817,495.68977169054256
10818,10146.072094010713
10819,732.6815461352571
10820,9353.997563620493
10821,4618.661945569465
10822,2767.68882750745
10823,1550.0720461748938
10824,5423.544216993002
10825,6980.546710205695
10826,4825.065748136189
10827,1146.637802700579
10828,6425.057193003427
10829,1060.9129824568754
10830,4126.9629217984675
10831,7228.606427150608
10832,2362.4058167615854
10833,5450.754052608859
10834,5043.486884255072
10835,2225.5863867158487
10836,5277.542361058276
10837,4335.178249926414
10838,3245.6508444076953
10839,885.8530325478631
10840,632.9420880204985
10841,629.2528836238323
10842,832.0533095991431
10843,3478.384608509048
10844,677.8717243830985
10845,2619.530845281644
10846,4411.450235571393
10847,1362.0126092732346
10848,4864.187275429492
10849,905.685155310591
10850,2210.706281653852
10851,727.5039529814802
10852,3141.223260635892
10853,14697.34134479972
10854,633.5463793025441
10855,4100.443289162962
10856,15028.319194402198
10857,11530.879447224192
10858,708.7528643813882
10859,982.7206636906448
10860,608.3266865055068
10861,1271.9344976721632
10862,1598.0780286220875
10863,8040.963411395767
10864,840.1404503490827
10865,3076.5636827404883
10866,4760.808931948412
10867,698.8409374790607
10868,434.5644783698145
10869,5028.592342978638
10870,3842.7036111393963
10871,6164.6609191166835
10872,955.1594418560928
10873,756.2339961392016
10874,4408.999628785869
10875,2572.589164320101
10876,7923.560350303399
10877,2995.515208190422
10878,5636.215896067099
10879,7519.470202890977
10880,6450.5254296992925
10881,1363.035861388999
10882,5589.226349878814
10883,3125.007590736034
10884,839.3498285498348
10885,4062.8235684679207
10886,1014.8181329773806
10887,2116.775912740822
10888,1427.5560720155167
10889,3937.3024800939324
10890,1301.1687116895132
10891,979.4491545042007
10892,1499.228538441946
10893,3984.4006257250976
10894,705.2375993311477
10895,842.0822416757591
10896,672.9427286925553
10897,9508.341840812416
10898,3956.0996334008605
10899,2190.4337716585123
10900,11791.543873536019
10901,2284.4844063897503
10902,2299.3641854907496
10903,1690.0980857413626
10904,4895.8202492039245
10905,842.9782574066307
10906,11732.839125848343
10907,1197.9075848225154
10908,3039.061295631796
10909,401.22393106102226
10910,693.7263523965037
10911,2474.20501552064
10912,5593.398425279789
10913,803.346239463011
10914,3056.4858510700733
10915,782.8627195078941
10916,3917.8928934615237
10917,968.7161378933305
10918,643.5479086006925
10919,2822.4388645011322
10920,16126.394455557429
10921,4982.545292557521
10922,3415.5710591702177
10923,839.4669244000233
10924,1121.6385817281234
10925,932.8213481746368
10926,754.3204430172692
10927,2832.264392505962
10928,6874.966440729915
10929,2562.4638810900487
10930,2160.760732325099
10931,904.4191693633098
10932,954.1002635773335
10933,15317.453378022648
10934,940.2085687088487
10935,1469.1436412575792
10936,7287.924516408958
10937,6734.980596418608
10938,450.41386805025894
10939,2435.467299030592
10940,6756.7087757873915
10941,10174.521110983458
10942,567.8752270233575
10943,747.8536074348424
10944,1766.2151279815307
10945,705.1222942563703
10946,2214.7111311488006
10947,1158.7865916292487
10948,6434.064169000344
10949,2337.741222267403
10950,6207.130866782447
10951,432.7588012985151
10952,2985.754631179154
10953,3083.7758164223674
10954,722.1670941884963
10955,2621.831960948153
10956,3092.269158642185
10957,841.6058701598624
10958,930.773759814098
10959,9190.927306725865
10960,1732.1847720447186
10961,667.9787286771212
10962,6423.748445490362
10963,754.0204209399199
10964,3140.7431877510153
10965,778.4286972881367
10966,11822.626061888017
10967,1057.1957927243395
10968,1838.1426827276455
10969,1071.0751244761593
10970,598.0694530305311
10971,2791.4295071854185
10972,4585.559920733407
10973,3969.7096247997993
10974,4268.474174827316
10975,1719.3982692119378
10976,5752.704941184571
10977,5062.105131777565
10978,713.6517105784469
10979,881.082287389224
10980,1604.966489306992
10981,7975.209252801742
10982,2102.110796536929
10983,7667.464222286963
10984,3512.790497338933
10985,6058.210054128859
10986,3609.900577614668
10987,16303.447803924155
10988,4894.800836209607
10989,524.2598230469584
10990,5426.67627071544
10991,872.079280210877
10992,934.3388059768263
10993,17117.189114168592
10994,1093.2737578651584
10995,15655.893962506025
10996,1990.0678912179972
10997,13031.988223370308
10998,1046.650542904014
10999,1516.8084624200067
11000,5609.637929960403
11001,3965.3530794506214
11002,1405.0007343572152
11003,3378.3389655998044
11004,5591.616449856797
11005,5381.95188966528
11006,926.6351575988098
11007,1581.0539501338021
11008,837.3883871161997
11009,581.253011554124
11010,1217.813140689323
11011,13297.94908132379
11012,1092.001614957157
11013,8917.345348875217
11014,11679.856254301503
11015,1507.7842399445226
11016,3084.307477335767
11017,4034.7685166467077
11018,10369.684965088785
11019,2653.7124604061164
11020,2294.0262130807437
11021,4880.761337542491
11022,8115.147155101503
11023,12454.773778227354
11024,547.900169465337
11025,483.28366146412276
11026,1096.0537023113839
11027,974.3585141099419
11028,590.8227314894832
11029,1940.1206062584788
11030,1963.4217742332594
11031,1661.8373412432838
11032,2463.5621423399525
11033,6680.720874709238
11034,4814.388877759536
11035,5568.698764399393
11036,4228.956567887434
11037,956.1573696383211
11038,6289.534066218588
11039,17004.109932893443
11040,6930.192704470211
11041,578.0334053909517
11042,520.2815433572695
11043,870.9303521418093
11044,5005.812899594878
11045,545.6439930714871
11046,1204.6334827363874
11047,5556.58074724781
11048,5903.14929671749
11049,1959.971874837684
11050,438.2782200391434
11051,11187.425963357697
11052,12765.448512755256
11053,5443.852386565774
11054,761.4978332775964
11055,1441.9762333784922
11056,1961.9169833615986
11057,13477.141392707292
11058,3230.932909126242
11059,5470.520374938407
11060,1802.0170970800837
11061,706.4850424994981
11062,1721.7927827084573
11063,3648.034990008244
11064,808.9907292753124
11065,728.395041670221
11066,6800.114440132766
11067,775.3968738789731
11068,5772.503783880855
11069,1073.2631188175073
11070,893.7599820750798
11071,600.4785830946462
11072,7843.307842552203
11073,5096.47712516756
11074,2699.110716799216
11075,1745.4236899957882
11076,1315.0298249301727
11077,7533.861282323378
11078,837.6282410286611
11079,3876.1342293968105
11080,3244.82157968952
11081,3656.85560536729
11082,964.3394917779473
11083,11941.736469706857
11084,4640.946522517326
11085,4264.975378759787
11086,1911.5034024606043
11087,479.7676062618862
11088,1457.733745737525
11089,3200.7656028194506
11090,2261.1439345564613
11091,983.9963616358377
11092,13039.15615664638
11093,2782.702968270681
11094,4852.202797922256
11095,2729.0961214153963
11096,1364.4068775380838
11097,677.4173988043777
11098,2140.087777460003
11099,928.7655132161735
11100,7500.734209735496
11101,9863.432821174512
11102,2726.9993066601264
11103,790.2958539788453
11104,695.8672473027003
11105,4203.725130799321
11106,973.8436310314576
11107,4548.723830508685
11108,1889.0559492705993
11109,1085.481703788324
11110,3187.395696999916
11111,4293.171918009555
11112,664.0456056925798
11113,1103.776830513229
11114,1955.4544785673208
11115,2240.577270389701
11116,4252.977043368596
11117,602.1329300900942
11118,702.6620888017538
11119,687.7273005006101
11120,502.0250834835147
11121,1016.5858363741075
11122,11899.198336362138
11123,4958.731211176247
11124,13986.233482198839
11125,3260.4233603237885
11126,1104.489651068597
11127,433.8819833042972
11128,2367.509681802431
11129,563.7604204343604
11130,1778.6093152644023
11131,918.9861982829963
11132,4605.166002587269
11133,14801.464541288266
11134,2059.2445446767524
11135,6196.08349776511
11136,3052.348180111602
11137,8529.413341093752
11138,15753.186383928572
11139,863.7556004565316
11140,1874.0414309629368
11141,4143.591599544201
11142,3979.7310890122253
11143,2760.7486933527402
11144,8216.78666508824
11145,752.3399687231192
11146,594.5863824477476
11147,9805.26094913522
11148,730.4143901984693
11149,2273.14432182654
11150,4091.854286096181
11151,2410.633264070419
11152,17307.45038797718
11153,949.3884682830648
11154,8967.898297474852
11155,2082.8105249033933
11156,7476.387428076547
11157,963.8559550424935
11158,647.2510066217551
11159,4853.466253029454
11160,805.1435969980214
11161,1093.9650801120963
11162,442.1882856781093
11163,727.249560065121
11164,529.8873264431759
11165,3160.4537217212724
11166,948.7345597265817
11167,2936.649540551504
11168,12025.643258601423
11169,769.3404884247977
11170,494.93476784123726
11171,483.41916260550244
11172,2160.5616615273825
11173,4984.079449510225
11174,1332.2689886648616
11175,2747.083833510985
11176,1416.4874004465419
11177,14105.87272257839
11178,6651.61630199947
11179,628.8487736420504
11180,1161.2822757721597
11181,1242.2769680864017
11182,5437.7092303037925
11183,737.1470574997976
11184,5330.309630440595
11185,11500.447643897913
11186,4414.878099632791
11187,10496.657414606165
11188,581.1500842971609
11189,384.95654088388466
11190,1332.115953737933
11191,4910.03125
11192,10281.029558433844
11193,4126.785679688179
11194,712.575234260533
11195,2534.635044069674
11196,850.4000521610164
11197,2193.972611661971
11198,1946.929752787209
11199,2270.543966383372
11200,710.9463643406938
11201,751.166153620838
11202,2312.0090970228357
11203,1849.2697515235966
11204,6081.823364334521
11205,14201.196865566646
11206,1082.7391912896778
11207,2214.9098434569296
11208,2525.4882531744724
11209,8444.393238920862
11210,1761.8218939412484
11211,2406.239429702411
11212,9592.74779895074
11213,563.0708078828497
11214,2540.923399469365
11215,1728.7306840321348
11216,579.5769884093238
11217,4626.890625
11218,1790.9880575852349
11219,678.9788446101768
11220,1916.0783474296413
11221,2055.7671253723124
11222,473.6878865817668
11223,5598.191624142909
11224,7746.649044424993
11225,13159.572465879945
11226,5132.05551726424
11227,13613.030921095264
11228,10454.22054487155
11229,901.9047702451865
11230,2685.930240022542
11231,918.625294497534
11232,2558.3591429068156
11233,1897.9408559175338
11234,3089.394213060761
11235,1172.2159268109328
11236,2045.943701521493
11237,5125.782091864165
11238,7647.134653196733
11239,2948.7345863972296
11240,6277.593324598752
11241,4098.082509493263
11242,2994.2037599016385
11243,763.7622977831301
11244,678.9226870946884
11245,7722.499343258911
11246,5536.276876130344
11247,1998.9182632921718
11248,2673.3229437082873
11249,840.1868567516784
11250,2271.698649088542
11251,10387.952207907478
11252,5098.85601756668
11253,868.3378563642086
11254,555.6068932140658
11255,3994.9873814621737
11256,2348.32815697028
11257,2159.7902008444717
11258,616.6356246303645
11259,1269.476568802545
11260,1736.7801340080978
11261,7065.908020958447
11262,654.8290520206758
11263,776.6148927519893
11264,4277.242570605564
11265,10652.123823581253
11266,8876.428351349121
11267,14149.424249552245
11268,575.3735778361412
11269,4001.901166298842
11270,14061.780578377628
11271,682.5094609886577
11272,2037.8052245532588
11273,16847.894678425968
11274,5030.999623611311
11275,1022.8274535982133
11276,6508.786298593586
11277,1024.7256567399513
11278,5337.115768515065
11279,1662.12029304652
11280,4736.7133209016665
11281,16649.213543621623
11282,926.9484050055287
11283,920.9897031206973
11284,1199.0835563163582
11285,544.7932230528573
11286,6272.677562882573
11287,5679.293664798393
11288,2480.7618033339186
11289,9917.021283950064
11290,1903.104700909094
11291,2122.085924247112
11292,1877.6632583122637
11293,1138.0765235291194
11294,853.1618661360333
11295,6985.067839147052
11296,900.6008511728494
11297,11678.43996780336
11298,1897.9767778443647
11299,4696.450647549451
11300,826.7335527240634
11301,3519.3288648891835
11302,811.2312590636261
11303,1692.6066372043879
11304,16680.032115182305
11305,1021.4230024536736
11306,4293.012192717311
11307,519.3691989438975
11308,15318.109272055384
11309,490.2736343871615
11310,1211.1328413270512
11311,1011.9304212381729
11312,4124.003254492904
11313,1820.8692342190363
11314,1127.310098478015
11315,4406.55577923145
11316,1336.8463489888459
11317,2258.085465332296
11318,4275.537798246329
11319,11208.575200631189
11320,3593.467146409062
11321,1618.4286440390324
11322,1790.3887890160224
11323,2989.7547320100516
11324,6133.296140914521
11325,703.150147028745
11326,8933.652445164507
11327,8745.70102892932
11328,670.9733072136627
11329,855.9326117678155
11330,941.8608675642461
11331,3002.3193053496216
11332,5119.779153678226
11333,1376.7289084456538
11334,729.6299597856118
11335,7608.053101958336
11336,804.6814713068446
11337,1211.5062684507682
11338,2780.3818599818883
11339,5383.768092572206
11340,857.5950294634019
11341,1043.1100359424966
11342,16571.46023726418
11343,4617.524820107025
11344,1242.235165820674
11345,6659.389831246429
11346,3307.4014520830024
11347,5446.325714096139
11348,5489.88960261317
11349,877.3563478901924
11350,2783.8149731345047
11351,7746.830748742817
11352,6615.3825570632835
11353,468.5588284463525
11354,4464.100595340309
11355,1023.2694997529474
11356,996.3894443092356
11357,1439.0650297897005
11358,3819.1615339699847
11359,7762.623982585888
11360,1253.6264978627983
11361,2384.061631716128
11362,1682.8941207962337
11363,877.0684370079698
11364,904.1219208839912
11365,1801.6081064304203
11366,1673.5176703705463
11367,1936.7987113846314
11368,10014.172482409827
11369,4423.470986923233
11370,1888.7692795195221
11371,2489.5284651509123
11372,746.6341291270705
11373,3256.7692243054294
11374,1012.5309939453251
11375,7990.438295259075
11376,2120.8319184544193
11377,1660.9035166938843
11378,873.5186776864709
11379,5685.685136361277
11380,783.3509803855301
11381,937.7126035074576
11382,618.5348110928354
11383,4444.210376413189
11384,4194.481636247099
11385,934.191511659357
11386,560.3888994726934
11387,6196.08349776511
11388,578.8427043300148
11389,1738.0320275170982
11390,817.2919812983381
11391,16027.358676071452
11392,7073.071161944787
11393,15015.96816236727
11394,955.1980343544571
11395,1040.7576863579452
11396,5790.394212385154
11397,4658.5361754220285
11398,1196.5537866799395
11399,3377.7679765354255
11400,2868.321669353505
11401,4515.653759027151
11402,2999.9948886414127
11403,1252.1514317103884
11404,449.42825981384027
11405,4035.0994109149024
11406,1871.232461576065
11407,954.3605901622054
11408,599.3338581361188
11409,746.0569997908732
11410,524.2539140735671
11411,587.757553248767
11412,1158.9269621313488
11413,717.6692288108064
11414,11084.970471172213
11415,1388.6744698365633
11416,846.0720440248366
11417,958.6071702891189
11418,901.123920010551
11419,4800.618145689768
11420,4395.652012396309
11421,389.83187911660644
11422,1658.6678143219722
11423,465.3345632178543
11424,2670.432572029686
11425,875.0850508298175
11426,3934.615542143279
11427,804.0868371681162
11428,698.1813830329955
11429,517.8009876833862
11430,5341.813151041667
11431,5618.11746773929
11432,8677.556539358455
11433,8663.968135286126
11434,830.7090299354828
11435,4979.625076176175
11436,4731.966128177409
11437,5153.184318503735
11438,833.4628278873248
11439,1076.4650287510738
11440,4575.3780026260465
11441,5814.8035494482365
11442,524.6735675705494
11443,1031.8647749381485
11444,950.6214962482501
11445,538.7153980766212
11446,850.7625563019822
11447,3423.08916249421
11448,4555.355101690218
11449,589.430658317698
11450,879.9457175584176
11451,4137.081402683915
11452,637.7555418631423
11453,6896.939679538738
11454,13494.521077165036
11455,3501.156276857461
11456,1042.0473117452984
11457,3488.263371585926
11458,1834.1706240699407
11459,14909.59729725073
11460,991.9495649134218
11461,3063.5305995108465
11462,3947.69767740433
11463,5825.940224944544
11464,581.5377392608783
11465,4091.951119898019
11466,4600.372017263939
11467,653.0005850034286
11468,6095.873579958399
11469,812.6821342692049
11470,590.8311028141841
11471,6312.063548943706
11472,8421.521726027746
11473,890.6830752092959
11474,1310.8770328561777
11475,4183.8167932959295
11476,558.913107423233
11477,592.3194388617223
11478,695.6547169660964
11479,8365.647104555477
11480,1343.6622739355557
11481,5715.681718450024
11482,11870.109390082996
11483,5312.39395036741
11484,13931.98517502665
11485,8110.718090712053
11486,416.4088717751209
11487,471.576440015783
11488,3454.2364072069254
11489,3963.5990571014763
11490,954.8661204131711
11491,1980.8569400733675
11492,2192.977928064224
11493,2062.268206463095
11494,1260.6487720854211
11495,1048.0983069932224
11496,1323.1086859372447
11497,3540.903773834879
11498,697.7736319835935
11499,1302.8177624147118
11500,374.807546558891
11501,2837.9258408741875
11502,10953.899445065315
11503,5725.685949492329
11504,5105.475259619716
11505,2583.4762465864974
11506,1036.6568009497096
11507,6592.783881543327
11508,2735.008288798985
11509,3330.234259811168
11510,11583.295073840207
11511,11081.012798538448
11512,697.3221613422495
11513,881.6804117810683
11514,15683.50869997801
11515,1731.5006733152297
11516,1226.0177935728125
11517,5377.275326375416
11518,586.6983146483506
11519,1101.864362176777
11520,1711.364253870412
11521,10085.942656748377
11522,11622.264453125
11523,3146.249945996772
11524,746.6523998486407
11525,3291.3582645683778
11526,1815.8007532590636
11527,5421.461593891092
11528,6093.1386610128475
11529,4052.558081293164
11530,1538.2615135098113
11531,4409.039789645544
11532,816.57481675376
11533,3517.2501767263993
11534,3254.9094637910653
11535,4251.224948019073
11536,2054.721885986447
11537,3402.9228318393743
11538,4913.55598387005
11539,1034.7710533629179
11540,3042.6613977564134
11541,2253.6769882702233
11542,952.5028471206701
11543,860.5959597544089
11544,2208.893797138593
11545,3456.3571461482497
11546,2622.80294038617
11547,689.3653449464407
11548,3312.1428619059866
11549,1494.9681446415455
11550,5086.111994418011
11551,7929.496468290743
11552,2809.7422432704448
11553,5029.821485529918
11554,7942.555488834605
11555,984.5141084179778
11556,509.9481432615787
11557,11751.066537558618
11558,2203.3374515651462
11559,763.3398699907676
11560,809.4959636692458
11561,6221.006603575301
11562,7278.551176008585
11563,1667.0662956437334
11564,702.1491358138672
11565,2861.2516619641465
11566,676.5640201837754
11567,5726.887392064657
11568,9870.900377286773
11569,4137.041846228031
11570,4846.944521883247
11571,1482.8329155211613
11572,2240.7893363314292
11573,697.3753604374201
11574,639.8338725790826
11575,982.0508888119659
11576,2306.4493064695744
11577,2576.385215113577
11578,1016.0630791829412
11579,645.6535011420586
11580,13004.796068426976
11581,3509.7694129671077
11582,953.1644283265846
11583,2432.98045161737
11584,723.8292105274077
11585,804.7670185588722
11586,4581.478856364989
11587,5529.874901759618
11588,5200.009632262561
11589,944.423024557991
11590,913.9871461285638
11591,9543.362012611415
11592,1323.0794712030502
11593,1062.334395554704
11594,779.6264978887057
11595,1836.3799389608457
11596,1529.1584848706607
11597,1022.5998114340368
11598,4453.681288693058
11599,1836.3322327512076
11600,1660.3540474165243
11601,2353.72042165145
11602,4804.659931270588
11603,6784.692207962016
11604,546.7202518228524
11605,3645.267160235768
11606,4265.415877868346
11607,474.04345046528886
11608,554.771062188342
11609,3095.694898663431
11610,2886.840969741672
11611,3055.419390938217
11612,1198.150384596097
11613,10972.1837861461
11614,1196.6591774753224
11615,713.2852275638578
11616,3927.4606011151704
11617,421.088370193455
11618,895.1545028982637
11619,955.3349143401797
11620,744.6673633114036
11621,783.9649304183963
11622,463.97669892230414
11623,7941.1825656653855
11624,686.9320436850365
11625,9392.52611844304
11626,3488.2376319643963
11627,1589.0422454191707
11628,584.9632165601613
11629,1008.4414851717486
11630,603.815867130513
11631,1340.6251290355501
11632,1621.9681024982672
11633,2933.7999429034367
11634,1725.9160951998783
11635,4502.154091995204
11636,2435.751322394647
11637,15720.22395746168
11638,639.6182027816867
11639,6038.957809197205
11640,4078.7694785146637
11641,1763.8451477705012
11642,13096.811178829224
11643,1795.5512501232208
11644,3848.0086526582013
11645,1750.9790196922138
11646,7856.552597784632
11647,4304.1777028203205
11648,631.4074604530646
11649,718.6769120351232
11650,4361.430593502719
11651,1918.8610437831237
11652,2875.2746772078863
11653,1734.560577365229
11654,5842.225568846432
11655,3045.1682578974683
11656,15662.300853496596
11657,902.6540957958756
11658,730.0100305719419
11659,12228.820690856135
11660,5310.9526544914925
11661,789.0269151281553
11662,14348.253026104943
11663,2631.4610083125713
11664,1769.453422043056
11665,625.073397850294
11666,1423.0558948863638
11667,951.1360950322218
11668,2309.5966315962073
11669,3862.178682333131
11670,2702.4648102578326
11671,671.6510982307772
11672,4287.344079445868
11673,6219.157725041894
11674,897.8660090414542
11675,876.8390466339208
11676,934.0732917497032
11677,9054.442901172473
11678,2039.3206769881258
11679,2585.162193834234
11680,5330.62715075842
11681,3549.89066734179
11682,987.5053809650017
11683,839.3636796615813
11684,1827.5237497482387
11685,513.5483162265868
11686,562.6340175311428
11687,11936.605645945276
11688,14938.625375362328
11689,8675.9287211931
11690,956.4989867016482
11691,629.5317137171652
11692,8883.2923343208
11693,7004.818515034304
11694,1341.1722504639865
11695,5339.130424937946
11696,3242.319152708744
11697,945.7396978496402
11698,1357.1294433398689
11699,14064.843300088003
11700,4969.386385884568
11701,4716.576595518197
11702,624.2061608282198
11703,3155.6870356440627
11704,3412.730355676585
11705,12930.42555290701
11706,928.8171622636734
11707,6278.869781491978
11708,5684.355982817426
11709,1761.3624571936557
11710,2952.114098652549
11711,623.6292961097028
11712,846.2393638516613
11713,685.9895767432766
11714,2262.46390472376
11715,563.6985931125756
11716,1719.9740377882692
11717,1362.6446699349733
11718,1929.2034238990282
11719,1611.707297349185
11720,4589.738929379881
11721,733.6283817246253
11722,724.8597938973699
11723,6685.562377369489
11724,969.2500971163886
11725,3253.536495671026
11726,3391.9992784440365
11727,1867.276309072057
11728,13326.500025029745
11729,8596.277722521247
11730,2089.0844476817924
11731,12558.45291586725
11732,1236.9611837286193
11733,664.7658241421568
11734,510.35062813833537
11735,698.4569714695285
11736,5337.501007325488
11737,640.434348280322
11738,4250.820379808558
11739,1275.9814071042067
11740,870.7682783550857
11741,4483.561568468248
11742,5929.35044016213
11743,815.16356060405
11744,470.16719045876914
11745,829.879881062734
11746,8912.356543641303
11747,1048.1683217489951
11748,945.1374858528691
11749,2682.3367005546324
11750,11846.106683601864
11751,5115.050221455693
11752,1247.2862976134693
11753,1009.2612704633609
11754,898.0391002031884
11755,12372.016472870284
11756,9806.466479282648
11757,926.1205850521624
11758,638.4229570543741
11759,5311.8029709724515
11760,5196.935133811476
11761,1579.7998401719353
11762,1836.951344840917
11763,11797.044163119665
11764,1588.388758131437
11765,2209.4705130495804
11766,3655.4278715908085
11767,15720.835948532782
11768,1876.3444843857185
11769,4617.216988616259
11770,5906.985647360877
11771,580.0723342669884
11772,3251.593236241214
11773,633.0634470465143
11774,6860.661132812499
11775,652.8928897137708
11776,4214.814414537114
11777,2405.8229860973856
11778,624.0619407397509
11779,6724.405061196886
11780,11711.99408423521
11781,1604.695722428445
11782,695.3541870369008
11783,4100.085536856682
11784,670.2286816868561
11785,8524.164760981004
11786,2813.313785429732
11787,16124.615841834391
11788,3709.1717245037275
11789,10580.776232470827
11790,1779.3231565752742
11791,6847.498891775597
11792,548.3885957324784
11793,628.0298130003397
11794,6384.527582869962
11795,17395.87541901422
11796,3382.100360045075
11797,3155.961177086323
11798,860.30685376583
11799,5892.409364064284
11800,2885.0880790091555
11801,6406.76244580185
11802,14482.083636589725
11803,588.6371802943827
11804,3344.4408355926016
11805,830.2518129399361
11806,623.913667763449
11807,4392.4359462780385
11808,605.9599478762823
11809,1076.073416191255
11810,6050.19060680081
11811,8268.30215150567
11812,8539.67710972215
11813,2562.440696829786
11814,2579.8599097964275
11815,834.637521038105
11816,3335.1505930498147
11817,816.9542704638612
11818,858.1494081420734
11819,10195.156128972632
11820,8216.455740761401
11821,617.1708825769969
11822,1679.3860168672425
11823,1031.48809126912
11824,8793.991122667303
11825,7326.359451981621
11826,738.2684851135494
11827,954.1134786745966
11828,2621.901076096281
11829,4959.559146515653
11830,2795.982974974009
11831,1835.0690783594962
11832,5208.057728277691
11833,5413.7984689475
11834,4064.8270216002857
11835,2324.4882004663605
11836,742.513741690862
11837,8465.143219206599
11838,3515.851051446401
11839,757.4891168646719
11840,2490.1404084246105
11841,3701.6026327869877
11842,915.7711124725423
11843,6561.18956316591
11844,4535.840443752529
11845,1887.8111125437576
11846,3255.620746671443
11847,2604.7016738761463
11848,6127.099116443452
11849,4689.022969587537
11850,5812.329113702366
11851,902.9323801358669
11852,940.9762416634102
11853,4825.553793436568
11854,7315.928594216188
11855,5456.8698581757835
11856,731.9880571858449
11857,2337.189854732144
11858,7818.3734270124005
11859,1161.4466540389317
11860,1170.654140011672
11861,2322.617937202768
11862,697.9681196732954
11863,4607.237050906593
11864,2860.001959191996
11865,622.1117681483732
11866,878.3143045015797
11867,565.7855994465832
11868,13388.545344262639
11869,10346.536799899586
11870,5345.224765981175
11871,4660.5462734863395
11872,567.4441146163452
11873,1084.4480892187494
11874,12804.183267438373
11875,12642.594154993145
11876,3264.5907186452837
11877,1412.1404112159132
11878,793.440628460217
11879,2753.291806199356
11880,626.1181272902256
11881,4177.817237962955
11882,6756.584765754098
11883,1442.2591517794192
11884,2182.518477901762
11885,2739.2629526445107
11886,4329.933948898971
11887,735.8230364841438
11888,991.9556296147251
11889,657.4352457540356
11890,6749.375207538731
11891,1838.5390379776347
11892,681.0554346498635
11893,3397.9963954693026
11894,2752.2794349297114
11895,5865.7927387161435
11896,942.1461751189223
11897,7627.264325967278
11898,7982.602282662606
11899,4444.15648613196
11900,1943.1593060483854
11901,844.7094175429376
11902,1921.5047164674459
11903,6810.9226252264225
11904,4596.1749623239
11905,5854.524049219591
11906,897.9695969319638
11907,3250.460953753369
11908,480.3085997198405
11909,444.6667931805125
11910,2453.7038764204485
11911,3984.497527816031
11912,620.3352732852443
11913,940.703059493028
11914,7381.642427728246
11915,2703.8451887863607
11916,2596.747933429275
11917,14111.460179722682
11918,4916.106992193173
11919,6416.32976030118
11920,1023.3649518905348
11921,5477.775154512335
11922,6303.640652898645
11923,1002.820072320264
11924,5683.2352800444905
11925,4782.764613551397
11926,16881.740506696548
11927,4232.463244988671
11928,1201.8110863298468
11929,6817.208521886191
11930,413.75571049122567
11931,967.91898320243
11932,6954.305601458776
11933,4590.309307704867
11934,672.7503366647927
11935,2377.3360831254436
11936,1903.389569641963
11937,5442.839789019575
11938,860.2524655477134
11939,875.4823054978533
11940,705.434663087919
11941,3365.0454747278054
11942,3521.927247965931
11943,693.0113822039224
11944,622.4936797985092
11945,3034.2803540607606
11946,6678.5664015335615
11947,3204.751969565779
11948,1080.1835800795366
11949,700.5699475394604
11950,8691.761071429219
11951,2173.1682023276885
11952,2670.7716605203937
11953,4678.972803730209
11954,7692.7050284660745
11955,2023.030126695195
11956,787.2045427982102
11957,6641.576669762723
11958,949.4150086552855
11959,746.0569997908732
11960,487.4980973238966
11961,14568.495197200808
11962,4305.227122265445
11963,3323.6045740072755
11964,2981.4978630585997
11965,910.3229289515758
11966,10688.377157858078
11967,871.5521750189139
11968,4530.990171845455
11969,4044.116767814535
11970,3271.0649370401693
11971,518.6161249049055
11972,798.6070473114262
11973,2568.7707638187912
11974,3224.8384732953486
11975,1043.569829971047
11976,2753.251442078735
11977,8273.036741094664
11978,4052.084967802959
11979,5712.756989021321
11980,5142.031407528201
11981,2826.476004908115
11982,7984.7495900615695
11983,6288.132703689283
11984,2530.3823216034693
11985,1432.9599916854354
11986,863.7247276148572
11987,1844.569536641536
11988,1101.971044008906
11989,2755.582495421811
11990,906.9666929799705
11991,894.7161711844125
11992,513.1346303161575
11993,409.883210661219
11994,7630.253121683065
11995,947.8529463236381
11996,690.7582097713265
11997,11086.856751193765
11998,10287.307603454528
11999,2306.984375
12000,3934.2460783245906
12001,2765.8435287073257
12002,3929.6718776437397
12003,1769.1267187003996
12004,1168.8828465343163
12005,3453.6195058655876
12006,813.5663000429745
12007,16193.004774191726
12008,6323.874475822391
12009,632.4845069322465
12010,13164.42367618741
12011,3038.009598620038
12012,3685.997277952187
12013,2503.0613226533096
12014,507.95702019202713
12015,2904.3494447508474
12016,3329.41831094775
12017,3439.5651357571696
12018,6305.06036334365
12019,509.1979425416605
12020,3068.7003949277428
12021,813.6768134880816
12022,3215.5239990745577
12023,1971.3434547792847
12024,730.664002374718
12025,672.53173828125
12026,5199.839964107754
12027,1754.5875631346505
12028,2695.8441064374683
12029,2194.7236312936357
12030,7430.758783678487
12031,5896.5100972182945
12032,2114.717118085081
12033,3439.0307392809354
12034,11336.689661595528
12035,5031.719138597157
12036,829.7912867037178
12037,731.1221831784208
12038,8446.531301696767
12039,4846.113820445541
12040,1185.3083357006317
12041,7811.02855541294
12042,838.7100599552499
12043,4841.348696747563
12044,11868.735955210415
12045,2387.287264839795
12046,6026.564468227517
12047,5094.942243485576
12048,579.4160735990143
12049,1991.9113928530671
12050,4394.213923345822
12051,6612.261510353777
12052,2081.750452897681
12053,11223.989781672624
12054,14510.156208450468
12055,845.0054382994376
12056,11242.044295105426
12057,17220.51510231884
12058,4848.263695013439
12059,3871.568623714253
12060,775.2624333392102
12061,4093.00089205663
12062,3498.2830536550828
12063,2728.104051524192
12064,4626.702434055644
12065,796.0186845061155
12066,2743.556816012249
12067,4453.278903628843
12068,3588.7899541570932
12069,1742.633569509597
12070,827.4141273090833
12071,855.3644979157688
12072,3312.3662715671608
12073,2556.8589190024422
12074,4057.9587714255995
12075,7080.766546475006
12076,1676.5875414723832
12077,2604.846394153608
12078,5610.1833964756715
12079,9445.65891550344
12080,1231.219357319064
12081,1393.7482964637443
12082,4468.856916099454
12083,6391.875662449051
12084,1366.2486578705864
12085,7451.8883885687555
12086,3161.493317460956
12087,7468.962470944932
12088,859.3723752995713
12089,5867.515253403684
12090,16054.197561526666
12091,1568.5757299379861
12092,4320.4837734667535
12093,8781.070104297913
12094,9372.99125080203
12095,8282.162589461364
12096,537.8956991745449
12097,2729.692221998678
12098,737.867075099233
12099,726.4425138681149
12100,5251.025071530028
12101,941.9676519346532
12102,5196.438628099038
12103,2561.2551568081553
12104,4358.357002186713
12105,17124.32626898727
12106,16484.413050871208
12107,3150.072159923638
12108,3250.612782312904
12109,704.7541493782059
12110,5608.259487264824
12111,945.5415985558377
12112,630.2852052699059
12113,3241.1227434642146
12114,765.3630093933277
12115,9075.902964325618
12116,3982.7135167450524
12117,16399.762339022276
12118,4248.0322087305785
12119,5021.846995553072
12120,3178.0464112150003
12121,3058.151578960943
12122,914.7422579340636
12123,644.7631132251008
12124,538.0963694862123
12125,5040.940373338014
12126,3085.387637854137
12127,1452.457634035203
12128,955.8510277121792
12129,828.5073951770863
12130,1101.2409052602177
12131,904.1197400551259
12132,999.8501554586707
12133,7137.40294782489
12134,11757.972784007543
12135,3595.8677728687285
12136,5673.919608999241
12137,4398.159238597445
12138,7399.779417561287
12139,626.2449301238291
12140,768.7648601118748
12141,897.1073142836041
12142,839.4669244000233
12143,577.0540281198674
12144,627.6818805657795
12145,15635.821882573578
12146,9842.035430504162
12147,6898.5405258782375
12148,16983.37351310089
12149,571.0980598850737
12150,2488.8459562185303
12151,974.6714409722223
12152,545.527044687776
12153,906.4656268988593
12154,946.7391261558911
12155,1800.9094357548697
12156,17056.115232858057
12157,4182.3545158803245
12158,17166.83576880813
12159,6259.405255111826
12160,4901.368121027019
12161,5627.090863566717
12162,2422.232157879457
12163,705.7746880505905
12164,6560.185215974876
12165,1944.5507112037633
12166,5309.726470021248
12167,2694.0685098672575
12168,5673.652885461074
12169,16017.78509393482
12170,5228.556470295393
12171,573.9139759307275
12172,2109.636104600942
12173,2398.0601857901092
12174,1343.31894347666
12175,804.0968056880121
12176,2452.485293888316
12177,1840.1469488232135
12178,3815.4334469699625
12179,1774.5595496433214
12180,5022.658013347193
12181,997.9113102366831
12182,1030.0007675869244
12183,11289.001974979741
12184,2028.9052777636787
12185,16767.610732167555
12186,6367.8009818285245
12187,851.7246741948067
12188,5067.558178653527
12189,685.211662532684
12190,9564.948813442852
12191,4595.403291528761
12192,5307.34925105535
12193,2788.816048577572
12194,1463.9709140939501
12195,3650.8686121964856
12196,5376.953012677312
12197,1787.2099828961823
12198,4167.081562905712
12199,617.2656911059811
12200,1768.494187754539
12201,8184.358316183887
12202,3158.4902515003487
12203,943.8677166825312
12204,1182.383415347768
12205,4290.937462250526
12206,11311.208467765919
12207,814.3228889302358
12208,2017.1532230132823
12209,7343.003276973708
12210,880.5442740313788
12211,661.3063156854289
12212,4962.2847599712895
12213,7101.946760984522
12214,518.3045789632282
12215,1916.7793557316938
12216,587.4586129087913
12217,814.0578721450131
12218,418.08198296470727
12219,1049.5333420048116
12220,1954.5632530403727
12221,2028.980188317974
12222,2954.431632967964
12223,679.4545914285541
12224,2015.6085146297828
12225,485.0866722734772
12226,4224.361361053491
12227,633.387486541725
12228,464.8013487923118
12229,1110.5208743578128
12230,582.5081586934137
12231,463.0484176224409
12232,920.0056564654201
12233,488.37347998025456
12234,13972.442980878417
12235,2929.64587758859
12236,6424.352895211424
12237,3732.5666047229997
12238,7424.154042236492
12239,4199.059250697195
12240,3167.2371954069645
12241,374.152929947132
12242,5474.258697810101
12243,2271.426118228719
12244,1811.8582903419408
12245,799.5644276023501
12246,1046.1040313403873
12247,4106.698957103895
12248,691.8286277105223
12249,2350.899021477513
12250,1226.2844751339628
12251,4431.805337329377
12252,626.1665048279685
12253,8481.247824591297
12254,734.6328957984678
12255,3667.0031980573663
12256,865.9283749988317
12257,4486.140252709009
12258,1779.965839765675
12259,3383.707209654069
12260,582.5423412864828
12261,8962.524075969272
12262,15647.149289252056
12263,9255.313262646858
12264,793.9199683602544
12265,5471.453614798766
12266,7021.119679786232
12267,656.7861270011118
12268,2981.233020841213
12269,526.1381903547415
12270,724.0208041117575
12271,1158.1139209636988
12272,8533.132925821494
12273,8980.207769679439
12274,4133.2416835488675
12275,768.8320033761879
12276,12921.665200690943
12277,492.4151976597745
12278,9971.573424691285
12279,1661.039144973997
12280,8449.003655790035
12281,4044.3003697971926
12282,1600.9061941728373
12283,5813.89729978021
12284,16808.54535854292
12285,7546.1095610119055
12286,553.2445528426762
12287,1739.6500526249056
12288,13235.693654217928
12289,2524.4624472040773
12290,436.01463992126116
12291,2371.379185528014
12292,16823.144891879878
12293,6559.179813583897
12294,2195.150743551164
12295,1017.9024564477522
12296,11945.92716364309
12297,5763.456743203671
12298,16551.18146904901
12299,6219.945335563651
12300,9092.262959806212
12301,515.2664597932238
12302,6703.872469431916
12303,937.2813274644428
12304,830.2365767159961
12305,14002.44921875
12306,3918.975010377252
12307,6484.390500598017
12308,4227.346806758245
12309,2287.3359679436876
12310,4303.881271449704
12311,1990.362789293357
12312,4309.350940782445
12313,1752.2820879813673
12314,7185.003907949774
12315,920.4167170061162
12316,742.3851745343344
12317,7388.3458169799305
12318,856.947566283957
12319,912.0794668519583
12320,3318.926218682793
12321,843.1971500089422
12322,6371.398986286566
12323,642.1375779950262
12324,6898.7502971846525
12325,922.3761231908713
12326,2854.191431113821
12327,7217.086376325638
12328,520.8692165924124
12329,3100.1802816868744
12330,569.980612512394
12331,1902.0979678552278
12332,4136.139938832501
12333,697.5633044901073
12334,14865.60744819959
12335,9287.772475418835
12336,1242.1687053239773
12337,5387.6336825336075
12338,914.8281260117186
12339,2209.325886112066
12340,14701.632672094524
12341,708.3795754655943
12342,3868.668800487006
12343,755.741576130018
12344,9362.367333694203
12345,409.42053581442883
12346,1706.253104692142
12347,4911.99503666432
12348,1972.6987019004687
12349,2003.3698497724652
12350,3319.9354678199406
12351,1944.1676621709373
12352,1940.6705740560137
12353,2490.30866320175
12354,4111.743348963743
12355,868.6558574836611
12356,757.9786236749964
12357,986.0429084665889
12358,704.7541493782059
12359,1337.8214044104927
12360,2710.07235260367
12361,5470.564182065352
12362,2604.897486153664
12363,16790.438122428746
12364,2207.045437594311
12365,4480.821001390807
12366,4726.7968480805885
12367,4503.046719749426
12368,1725.889221394876
12369,731.1662692627319
12370,2742.676872094063
12371,3010.031036562105
12372,579.1752549959533
12373,7903.222166798727
12374,643.2529455282656
12375,3308.8164107774296
12376,5522.21054013901
12377,907.6963512785926
12378,3792.299356617647
12379,1745.4398613208782
12380,8971.762969641952
12381,4962.845387931564
12382,696.4623535921233
12383,656.35697141004
12384,4510.15349735988
12385,6398.463256705039
12386,509.4991488357635
12387,17053.552504864077
12388,3248.7057955503437
12389,4673.12435475397
12390,10538.157507595672
12391,680.9688320723709
12392,17697.001910487274
12393,2034.208453396699
12394,853.726986747777
12395,15278.903271959207
12396,7953.9814453125
12397,707.1412649264121
12398,818.1203855650239
12399,5975.685450330617
12400,924.8214742154527
12401,4419.67139216663
12402,5970.817761016821
12403,3001.5343922471648
12404,2072.29002820749
12405,2983.8608108918406
12406,3914.976981687452
12407,1903.8050014100168
12408,1160.9208204171705
12409,715.6303633059292
12410,7712.055911411052
12411,5748.53916015625
12412,600.1588146659009
12413,2433.2500207371977
12414,583.1194031656077
12415,963.4746475791084
12416,1997.2252678998327
12417,14286.816059963528
12418,684.5463484842512
12419,742.1723066002361
12420,1919.8042292304613
12421,4968.764388020833
12422,423.2408378458002
12423,2598.799065803527
12424,11929.298120213387
12425,12213.421406055464
12426,5851.187044114169
12427,1784.350317007448
12428,1054.4717683886906
12429,619.5788901661183
12430,6104.624733586024
12431,4655.716775154512
12432,824.8089272188914
12433,4265.666973563527
12434,5206.199519449408
12435,610.1116811288663
12436,2571.3705942432002
12437,3468.0377100148003
12438,961.0557221468118
12439,2674.844660834652
12440,1148.7677401033227
12441,2718.6371540488394
12442,4609.634894906523
12443,2519.2169601501155
12444,518.0629078934616
12445,1231.7854680014668
12446,4553.016704861356
12447,516.7077693548522
12448,6425.528306103435
12449,2858.183240923647
12450,9718.751644842505
12451,16376.071489505126
12452,2234.0994676915957
12453,528.3934752012103
12454,2350.5099934303566
12455,3139.935022211914
12456,2787.9484523670862
12457,3821.906078598731
12458,8509.083997140524
12459,2705.553192461807
12460,1039.3894003043422
12461,6979.686024853298
12462,10136.927286047669
12463,2772.49987071294
12464,1834.3292716745912
12465,1180.045060937598
12466,686.3029980286934
12467,606.4705882025053
12468,822.2689676184202
12469,700.2220636137807
12470,4941.843193868805
12471,4097.7837545296725
12472,8051.90007453612
12473,8340.937889668354
12474,2978.136930697488
12475,5773.798875636615
12476,1108.5340549805644
12477,2104.2741336676013
12478,4006.7847718216694
12479,852.6252489775881
12480,8734.518880201309
12481,876.9350383664905
12482,10647.32375745943
12483,907.8736525042177
12484,5367.766510000789
12485,4858.557612201907
12486,4326.200839899033
12487,886.7767368884653
12488,522.7565594017511
12489,4811.168012251305
12490,680.5056440133548
12491,1772.5404713264759
12492,8310.789025487935
12493,1713.9047759750172
12494,1780.8096536834748
12495,1334.0298454062631
12496,5061.35635760327
12497,2701.4189938254362
12498,1005.6174278486138
12499,1969.0743193233734
12500,800.8195978920954
12501,8317.276426436223
12502,4921.358891342404
12503,991.8978449542734
12504,1218.7890204754624
12505,9375.273535171527
12506,1469.5963145966705
12507,591.0032356969411
12508,4430.201976187999
12509,1034.219172320491
12510,7458.247274735139
12511,1225.50934120271
12512,3670.950680097038
12513,1061.6530809594126
12514,16307.388281397634
12515,3421.927298832781
12516,1485.138917240792
12517,993.1668498048265
12518,6393.342557079721
12519,846.0849057177317
12520,10898.057409989044
12521,7969.068906855567
12522,6004.152051562619
12523,606.9283108996054
12524,7385.664667771351
12525,8568.41346756886
12526,6670.955346911674
12527,723.555456984365
12528,16223.617245604037
12529,1100.2036218193232
12530,5392.897327063529
12531,751.4738181744714
12532,1591.580125450589
12533,3667.6643759289964
12534,546.4444192019502
12535,1488.215741058396
12536,991.3932461345958
12537,664.6312127747728
12538,5339.44868386269
12539,680.8701817475688
12540,4949.674209152769
12541,1604.170251494571
12542,603.4824217179229
12543,15512.875287683295
12544,7325.347115642409
12545,1341.4474648127878
12546,6390.8381483416715
12547,505.2413409721377
12548,6381.545007950925
12549,1148.8466655146444
12550,904.4862279406611
12551,5462.143697622473
12552,520.3436991658089
12553,554.174625993918
12554,4115.381766998656
12555,1074.1532112269
12556,1143.3579591380428
12557,15657.636761582087
12558,5463.351443059557
12559,16491.127034765184
12560,752.6595068247775
12561,517.8407434863972
12562,1656.4788879138277
12563,1035.248302178886
12564,1987.8164998743243
12565,3328.029586954928
12566,8918.777635573164
12567,874.710977569901
12568,3683.6974847324313
12569,485.5656759629278
12570,4476.002631542326
12571,4310.282049123412
12572,16727.78135820976
12573,2659.541235330839
12574,907.4754700314461
12575,699.6735362713366
12576,2442.5574870055325
12577,751.6569424001194
12578,2701.858998427974
12579,9426.844474012893
12580,7799.0184256210205
12581,1163.6124388978794
12582,843.7246745209196
12583,6437.026019260063
12584,755.0571577928715
12585,986.9294446397106
12586,4522.928073320992
12587,2125.5695062890595
12588,9360.306980614972
12589,5151.951589200729
12590,10918.170760556262
12591,768.4112566717342
12592,869.7629585393138
12593,482.7041956466448
12594,478.5874631818456
12595,2487.4956516021944
12596,4008.1577099825968
12597,419.4770230635983
12598,853.4224295003904
12599,890.3209438410421
12600,2843.615514074625
12601,3046.15258195474
12602,900.4044861553552
12603,1155.5877676597624
12604,1144.7365631913515
12605,7960.930774268806
12606,17073.22952745341
12607,1095.1025238074553
12608,1996.630653009951
12609,1545.678422688836
12610,715.4990906842326
12611,1702.0406301062617
12612,494.21123907117703
12613,1173.7986615792518
12614,830.8679060132223
12615,2010.2648668903023
12616,2696.7636300627332
12617,2758.770132361866
12618,1794.5835138762209
12619,9234.956973117622
12620,812.6872082266071
12621,5199.543907583577
12622,8694.820596709513
12623,846.1833194157845
12624,661.7268586228057
12625,746.002301467215
12626,5881.046994227748
12627,915.437780393075
12628,7293.475123287822
12629,2828.6447272497835
12630,634.8651998338321
12631,945.1041320360821
12632,485.5761244619176
12633,1326.1937327447383
12634,6057.199856966026
12635,4993.168614529467
12636,4070.9495561172935
12637,4403.128964424746
12638,16075.823949948706
12639,7223.09609375
12640,1939.3023754228345
12641,541.232332486311
12642,12123.029532632481
12643,1003.6551310091374
12644,1956.1068508960766
12645,4314.927144098374
12646,9278.524120476983
12647,1541.9196687908952
12648,3868.650331777046
12649,1077.4432519796812
12650,1736.5402373132142
12651,2882.33339378852
12652,965.5984790370084
12653,2430.790035527049
12654,905.5991662958331
12655,5404.6172646793675
12656,6081.37421880645
12657,1521.722956535831
12658,11303.200101864071
12659,7457.199251467381
12660,3926.347289133367
12661,9495.825706742455
12662,2282.081561632372
12663,5843.019268902996
12664,2686.4333477552873
12665,5496.992934219147
12666,4811.077346175175
12667,10214.886824447
12668,473.4761816169417
12669,1836.9100718009006
12670,4406.981649268347
12671,4006.264772735526
12672,1034.3375352299572
12673,2611.9554622713504
12674,14283.265322112988
12675,2316.6399839180986
12676,9514.771652035306
12677,492.9881607323199
12678,1662.9163279871368
12679,2011.0694663392985
12680,4442.493176673644
12681,458.70623958147826
12682,485.6218980554716
12683,3524.972633445072
12684,1893.1193513269109
12685,2629.975102077484
12686,923.0787446569433
12687,2283.0937408322834
12688,2464.21627130321
12689,673.322195438977
12690,1532.9182780467077
12691,11946.570817370357
12692,686.3528673632978
12693,1750.2236866307915
12694,2063.347534177624
12695,6656.723121264855
12696,2604.120068526189
12697,1605.6291841620196
12698,641.4481861267992
12699,4677.516332782445
12700,572.314294963387
12701,8123.000513830377
12702,928.6794988829622
12703,5264.602420684852
12704,690.9376282454651
12705,3325.9616523623217
12706,484.247499330767
12707,3613.0901517000752
12708,3234.1430961236406
12709,4943.912071104837
12710,1056.881931413515
12711,4214.835615613764
12712,1271.7583229983868
12713,10959.83078287543
12714,623.0445881149466
12715,1030.4146703880115
12716,2067.036611429857
12717,3551.847406617141
12718,1438.554663267517
12719,6321.239635458703
12720,1188.1004009780077
12721,852.915609228163
12722,15745.428084091136
12723,969.1076624311163
12724,2679.0150063636747
12725,5236.22433580905
12726,4106.552880491338
12727,750.7740201221953
12728,2304.313125416482
12729,2408.5191239640562
12730,808.3599806747558
12731,4058.680052684147
12732,3489.061981012181
12733,7891.392900946022
12734,11705.956975821113
12735,10215.385621052124
12736,9578.801804551666
12737,14197.620731528941
12738,1291.7801117679467
12739,981.1155420319919
12740,6906.683405236546
12741,597.1892113398267
12742,1372.901125479242
12743,563.2923841193184
12744,4135.531322505709
12745,782.0396699936005
12746,1787.869456853423
12747,9901.67572425747
12748,1286.4204592012047
12749,2652.480739845769
12750,854.4903370823798
12751,7631.533680112006
12752,2395.355849247671
12753,12514.635455509511
12754,3787.282631478614
12755,4094.9686834008758
12756,5258.665211119825
12757,16117.478129840776
12758,10801.394161894093
12759,876.9264309007492
12760,884.7248548479444
12761,1607.3830097374646
12762,2976.6556166508453
12763,982.267246273763
12764,6201.163338856798
12765,17250.638165348908
12766,3985.1814014365254
12767,938.063885386572
12768,7976.708022458793
12769,799.8649446386512
12770,1043.973175440898
12771,813.9812501865066
12772,1666.2366673242934
12773,5964.777681003604
12774,1902.6610525228753
12775,8019.567313617551
12776,4196.421053185391
12777,821.3241246101837
12778,814.8119162346036
12779,1075.8748594107913
12780,786.1408270738784
12781,997.6331187913844
12782,16678.305107457327
12783,4284.131176321905
12784,1236.370873173476
12785,1624.6188934303977
12786,782.0002868501131
12787,14787.112743625665
12788,16677.785319835428
12789,963.542114503711
12790,4501.742824490887
12791,5310.551852037061
12792,4435.838967120971
12793,568.2971292623557
12794,786.7307872823997
12795,1743.4505372158183
12796,4568.281431309987
12797,952.3711573125096
12798,1701.5974261527056
12799,9728.228171290748
12800,4044.2293220133733
12801,6268.212125524972
12802,2202.885838032829
12803,1184.271656179855
12804,5045.025766223362
12805,681.7192754491135
12806,5515.252266105719
12807,3702.520889752931
12808,441.5782648715834
12809,549.6181767902567
12810,706.8737657436069
12811,1326.2542247388858
12812,1784.6876531777555
12813,1978.542144189946
12814,4836.614477548535
12815,1961.4720369739803
12816,2447.9535306815096
12817,7230.949980671113
12818,2415.819912724529
12819,17231.16332286537
12820,2282.1219844871225
12821,11857.95951051256
12822,6180.254905484724
12823,3864.633215602422
12824,3973.8871807602254
12825,2797.2712827412824
12826,823.3285855010951
12827,2315.8669810367737
12828,4381.678146292471
12829,583.5294651625649
12830,681.5940964734665
12831,1040.0603098405336
12832,842.1106831193063
12833,3157.941059338563
12834,2075.9410841122676
12835,3339.6521363932025
12836,2957.752786102762
12837,3053.0138159375433
12838,1704.5523793504383
12839,372.98875592128803
12840,2586.0192582722734
12841,851.2590986442741
12842,14577.680170832777
12843,657.1307983772531
12844,738.959816021825
12845,898.0599899138891
12846,456.6178015239575
12847,2856.2636974554002
12848,1669.0080501681712
12849,876.516993224022
12850,554.3154391178039
12851,17289.896818712365
12852,2231.944108072916
12853,2821.0572810085464
12854,3662.1788310133097
12855,623.9002249654906
12856,3619.9050274358465
12857,1568.1719257169334
12858,2670.0263036790075
12859,634.903964176483
12860,5246.280339494992
12861,4519.2220783980665
12862,921.0435844462402
12863,890.4686641974133
12864,1261.8141497452505
12865,3581.917858288752
12866,1578.3001853969024
12867,839.179154263276
12868,6446.521940355498
12869,6662.1988378753895
12870,1807.7959321677783
12871,4396.292481358671
12872,1129.852456222356
12873,649.2132064732256
12874,8662.265049874375
12875,5548.974475934108
12876,3244.4050481639038
12877,7749.204942797898
12878,643.705179128218
12879,3024.859429393917
12880,4515.646066041316
12881,5563.0422152675055
12882,764.7108355710449
12883,5241.465173716588
12884,3901.3896656245597
12885,2665.460389114427
12886,3536.363138044415
12887,17253.34528143869
12888,1758.1521003539797
12889,8575.080193262624
12890,5339.160893392971
12891,5805.493631451296
12892,744.4939871299491
12893,3481.2707468337926
12894,7141.251546996668
12895,653.9305581731657
12896,772.0057033910267
12897,2651.858536615078
12898,2301.6826384307346
12899,8861.494920897752
12900,6896.698733084503
12901,5359.097389591026
12902,2052.0957492260504
12903,7107.385589863828
12904,4788.100679668443
12905,6996.54609375
12906,712.537327739783
12907,729.9271266403254
12908,411.53081992765937
12909,2616.778386720385
12910,700.4333303860869
12911,616.4229466725423
12912,2677.39311723434
12913,1741.3022869348908
12914,5968.952430078601
12915,14511.911918815333
12916,2193.227566189236
12917,3165.461452256036
12918,10261.317366750834
12919,549.5973499514424
12920,16163.549393014615
12921,545.6381289966578
12922,1530.0051703698587
12923,889.6035351749291
12924,1818.4587092382433
12925,4157.744382704558
12926,4269.017754027975
12927,827.6849213520188
12928,723.8372336356383
12929,1796.8292049467552
12930,1846.779759261825
12931,924.5198908875568
12932,863.431598913214
12933,766.5500178310232
12934,1843.8857388980518
12935,4196.503945797052
12936,840.5191657539106
12937,8376.660449087913
12938,1780.8729682630194
12939,5087.128613326299
12940,4695.660535209807
12941,4268.343961633871
12942,4798.972312848731
12943,1378.9222373837936
12944,838.0556971764007
12945,533.4897529289674
12946,2440.4664106587234
12947,2003.0556872295474
12948,5179.062294151162
12949,4003.5187039476878
12950,729.3820876396636
12951,2564.7275581465415
12952,6397.498579035973
12953,825.1233408280455
12954,15234.757422028148
12955,1332.19625815777
12956,1803.0191914518018
12957,922.7556335848883
12958,1419.9180838475077
12959,1103.2504984482655
12960,3742.081550552761
12961,683.4652989547976
12962,3520.5850956326026
12963,919.8488523414397
12964,7974.802588266507
12965,2033.345348067947
12966,1851.8474199911195
12967,5953.7793219586465
12968,653.3723997947025
12969,4810.146582930742
12970,11144.394109901788
12971,1958.645269670871
12972,16159.505794844283
12973,1127.8000242463013
12974,10939.85852212695
12975,1341.2550737510358
12976,1731.7431207356321
12977,736.8514191193924
12978,3652.424812583409
12979,1091.8859577557691
12980,771.7160744889245
12981,1864.3304027271654
12982,2853.9156596612856
12983,14581.606663297196
12984,911.7856035901711
12985,6686.375300279148
12986,8450.586092553825
12987,5929.96738711186
12988,606.0958147375425
12989,3605.173710425179
12990,1093.6350524805794
12991,5574.974018341508
12992,718.0526745830387
12993,11544.338272662491
12994,815.1135708835371
12995,1110.2795480464172
12996,12849.19634493865
12997,5955.44897021456
12998,2553.1492513020835
12999,467.61617561509837
13000,2255.100200126337
13001,971.4093822710224
13002,867.6237971888735
13003,5430.301377493706
13004,953.9278286336626
13005,614.3139641519298
13006,754.5896117323099
13007,828.2597060227179
13008,4381.604670328234
13009,5375.519687730527
13010,872.9740603368809
13011,2793.5803381182704
13012,5402.060849066109
13013,1079.134004996874
13014,1174.9130505364199
13015,5365.622820009626
13016,5179.721265475567
13017,4880.636236003211
13018,693.9240147657986
13019,3021.4188289499366
13020,4906.572599869982
13021,1914.8025971193538
13022,8173.728234904459
13023,515.4378926297204
13024,1334.5220290140094
13025,5245.450655597752
13026,2328.8314708336675
13027,1852.6798964066104
13028,7358.122212369999
13029,1572.3591608442405
13030,789.0491431216052
13031,1703.2222134259816
13032,760.9765390174507
13033,4267.938870251194
13034,677.9885052828237
13035,4607.745730219198
13036,3941.088140985419
13037,1660.1855413181636
13038,1023.4864391552424
13039,10575.632584365007
13040,15690.620908297617
13041,3072.7295823655627
13042,684.1712208708723
13043,1611.6130133474626
13044,1094.684331884537
13045,9252.809566560532
13046,8531.856550198288
13047,3393.9981852260976
13048,1714.7880148839843
13049,2812.8328903861766
13050,6000.32358666291
13051,3399.2970988279603
13052,6411.232866188604
13053,2435.873482977393
13054,1257.4953520431347
13055,6309.982032800099
13056,3977.7272869968856
13057,1500.5768105585596
13058,9929.899020149665
13059,10823.778222656252
13060,4583.07938772798
13061,4376.3208432932415
13062,7918.202901861215
13063,4101.1731099501685
13064,802.2457810566419
13065,3191.773996065853
13066,1593.203024382014
13067,13028.427752049629
13068,906.3153154751909
13069,8611.422855969398
13070,13816.0069957991
13071,484.13774598528755
13072,4176.657936371649
13073,6148.426896237125
13074,7539.686798855203
13075,1858.5589416114094
13076,16540.465156026527
13077,999.3767648071334
13078,608.3253784632011
13079,5436.19371070214
13080,1769.2629535825288
13081,486.37477767023864
13082,3641.5180758702672
13083,621.3649903829291
13084,738.2684851135494
13085,419.4215376093036
13086,2171.9584871610396
13087,11924.964886942147
13088,5390.211932594161
13089,8895.247442482187
13090,3647.2428581920285
13091,1006.3918166748174
13092,3625.527496113541
13093,621.1658916107353
13094,704.9391536544989
13095,16396.317782475646
13096,3023.512980772531
13097,1170.1007630945385
13098,10590.28026949379
13099,855.3288032115183
13100,3507.0994137713565
13101,805.6344713230206
13102,4522.834907467472
13103,14394.753603980656
13104,6064.348433198755
13105,14780.243522135417
13106,3807.331435122923
13107,1732.8863838861255
13108,4699.393432773594
13109,6872.1848471400735
13110,5010.822654161648
13111,871.9175150689267
13112,2289.3621606936917
13113,6520.324432127081
13114,6353.619728985546
13115,415.3652657017811
13116,4833.014490708858
13117,5850.290792162273
13118,11594.692304224509
13119,4214.403832909705
13120,4760.841047331574
13121,1485.2268774279232
13122,4960.063200723586
13123,6342.442809779512
13124,4641.457340566501
13125,4460.856685097152
13126,1030.8099894952215
13127,2156.465487974394
13128,413.5953528820361
13129,4478.705689910023
13130,15775.554846115097
13131,11001.398496493388
13132,1939.6470632426697
13133,7695.409452255094
13134,1520.0051888492853
13135,1006.935659611667
13136,15022.955776876888
13137,696.0831947965106
13138,3442.4853457737245
13139,764.5174840219485
13140,4452.992922535035
13141,1919.7358817822073
13142,3621.6148301471258
13143,4305.808199278353
13144,4031.091802249341
13145,4408.2558705853935
13146,725.0245181374684
13147,911.2407693738074
13148,990.1894673121514
13149,795.4799287984374
13150,3084.210319976572
13151,816.2396860940954
13152,1756.7330610311403
13153,1314.1606030342507
13154,622.100472642988
13155,4366.851206454641
13156,1440.2223011363637
13157,13043.559322642548
13158,2324.7752828838716
13159,812.4092639433744
13160,1020.8262329056156
13161,1002.9334135133784
13162,2844.9502219179676
13163,2143.813951199322
13164,7657.6666979213605
13165,1916.7907343481786
13166,704.9391536544989
13167,380.4300313924152
13168,4812.225687109075
13169,4311.9546440084305
13170,10050.489259298753
13171,5087.609240857132
13172,1795.651632121204
13173,808.7607246742025
13174,2650.4211009435116
13175,5494.533128711978
13176,1200.5840267330923
13177,755.8669945590891
13178,9438.726941958992
13179,6882.539096750755
13180,10832.916283733726
13181,1568.5871699585502
13182,1969.9197806191107
13183,824.4749153308703
13184,16724.363324437374
13185,16839.328585687887
13186,913.694405875009
13187,923.4663545665455
13188,12216.519828139955
13189,563.4755417728437
13190,5630.881057195368
13191,4317.492920342187
13192,2875.386391809159
13193,7406.1159830729175
13194,4318.843559035209
13195,4125.895857352144
13196,2037.9765710982176
13197,2497.634276378368
13198,1018.2918874130615
13199,1915.9605734521194
13200,2285.1616250254215
13201,14113.498942384706
13202,706.8007418437417
13203,868.0593282771264
13204,8448.226072447118
13205,716.1564087384113
13206,918.2498638665702
13207,965.9168095846376
13208,837.1548315134129
13209,1718.5360504547223
13210,10435.441587614945
13211,4561.611337595326
13212,4159.792667220475
13213,1656.6105151702866
13214,699.9146125517096
13215,16435.293422194063
13216,3124.841854267101
13217,1134.0375882194264
13218,10250.948193404876
13219,1342.9169408831683
13220,3465.8352807939127
13221,5176.053197647023
13222,2856.415942207183
13223,1622.926987971038
13224,8629.436289222745
13225,7457.145532598914
13226,11367.342911920092
13227,4699.773979554871
13228,4074.3462841574947
13229,12479.746753438438
13230,8302.867764425424
13231,6275.207997062207
13232,576.177261236229
13233,4328.106817016123
13234,2755.31799147845
13235,8003.761430397871
13236,5566.555833960407
13237,2504.4058459579765
13238,12511.31326931745
13239,2740.9634173887384
13240,2647.0785629237876
13241,1924.1429041830752
13242,9185.193117838407
13243,3152.230249188714
13244,5054.038993965803
13245,880.4119835147377
13246,12822.669545856585
13247,3696.6299237917983
13248,723.5765841815031
13249,1830.944878547281
13250,689.799806030732
13251,1219.449829819985
13252,1535.074299957582
13253,3312.2362229376445
13254,455.0136528189336
13255,3817.7261265191933
13256,1151.0675979057087
13257,6696.2748917603885
13258,4152.524928562948
13259,1253.2545002308186
13260,586.8457856997659
13261,2229.191923390024
13262,6432.660528852693
13263,954.9315410949732
13264,604.534179375966
13265,716.8883753683283
13266,456.02861619324784
13267,2297.792090351783
13268,9013.954145924812
13269,11429.6875
13270,1263.8156952846805
13271,625.8982962557143
13272,2105.372941373439
13273,3597.808363897254
13274,13002.362380320326
13275,2811.883565964322
13276,7696.548673408808
13277,6334.858118145642
13278,767.4387261306609
13279,5027.393094515359
13280,10908.88326336749
13281,578.4327438951753
13282,2040.698108684525
13283,2388.4874972055763
13284,10743.12015842755
13285,1776.4366169466325
13286,547.2589159575175
13287,4558.862964700795
13288,5399.856407030098
13289,829.1127646986573
13290,3275.977926940494
13291,459.94490309394087
13292,3315.000686718996
13293,783.0885031362142
13294,3044.855781960677
13295,3713.072436494641
13296,4285.359593893137
13297,613.2848588525201
13298,2909.531654305477
13299,2891.5402738464963
13300,2676.8688762897805
13301,4097.375547404325
13302,11498.214952854372
13303,3400.4807707010746
13304,1035.9107108063554
13305,646.3383430251818
13306,562.7562121363019
13307,3975.7242143794256
13308,8150.220753684872
13309,2336.961208514879
13310,1647.5028368038227
13311,1040.9704676549386
13312,17023.805772067088
13313,2537.4264806417596
13314,746.720367918801
13315,4824.106907792409
13316,2283.0925512755657
13317,2698.2246849104654
13318,3690.17456941558
13319,3845.080100832422
13320,6789.0517555634915
13321,828.0068464221899
13322,530.524038897732
13323,460.32534170928267
13324,948.9265123086899
13325,10381.96114685178
13326,985.5546222130038
13327,4261.63062784266
13328,11723.51637359149
13329,1865.507259934491
13330,803.3052684724614
13331,5465.320322361732
13332,7817.782109330335
13333,8693.800286842174
13334,3885.772799918272
13335,5288.30141283218
13336,4950.164208965554
13337,1455.0706953247673
13338,883.5846357254163
13339,1047.1712552878475
13340,2696.4470176091268
13341,14809.713584300362
13342,1975.158694020589
13343,1341.948703082416
13344,6267.676109018447
13345,1905.9719650213824
13346,14320.213334555663
13347,1372.2042261379286
13348,8976.03233223622
13349,555.4617809087639
13350,8562.431468139506
13351,4242.123217469987
13352,884.0559903051534
13353,2783.945657171271
13354,1760.07745732705
13355,822.5151699926887
13356,2495.111777267434
13357,1064.0388912025953
13358,635.6487040005422
13359,1446.4251748011834
13360,1134.885026773058
13361,4268.196472852423
13362,2325.232350581821
13363,4515.779165119359
13364,1764.2884065822518
13365,529.8213373633844
13366,801.4880838963521
13367,575.7696762811034
13368,827.6047647276685
13369,2774.764125974773
13370,743.699175558283
13371,1362.298526519872
13372,6902.361285465192
13373,4554.801292102411
13374,789.0953603420741
13375,2245.0825662968846
13376,3232.529243562518
13377,969.4637138850607
13378,4228.150689660515
13379,5014.556063859824
13380,4682.319161961527
13381,5873.686294774134
13382,926.5226620314675
13383,3202.0725961748913
13384,4042.641880887867
13385,7877.126277342318
13386,1317.714521952693
13387,11449.908718735292
13388,501.4889427661329
13389,4549.291176828734
13390,5025.186864187135
13391,7917.088119405322
13392,408.1918141181796
13393,8642.405994059802
13394,557.5749468664284
13395,2671.733282342553
13396,5671.82284480089
13397,862.8769509252152
13398,9484.351134230328
13399,1134.7519563417268
13400,705.5690365678844
13401,4565.649264843188
13402,7538.6483980722705
13403,1053.4147692436156
13404,3565.6585257521538
13405,2179.7645769933247
13406,950.5755920237857
13407,2244.0055811772445
13408,1006.1478292052848
13409,11634.45790392274
13410,4387.080170755034
13411,1264.5068129842307
13412,4748.075906808036
13413,839.4669244000233
13414,8438.728062888236
13415,1718.5674953942585
13416,6769.518881386238
13417,681.8238926849332
13418,4222.146127053493
13419,851.065061252583
13420,7738.028845089789
13421,2548.095118543469
13422,1717.2184478512197
13423,673.1987722676218
13424,7921.090559723728
13425,639.0621297839622
13426,1661.443103725913
13427,1207.588279889773
13428,2800.7917288035264
13429,1047.2621357076534
13430,614.6289534957932
13431,920.7894672768059
13432,11293.848435453729
13433,529.4061577899831
13434,6362.999941957895
13435,454.2256981207507
13436,1345.0141905772848
13437,1027.572859808492
13438,3168.1206250880687
13439,15857.052480077624
13440,2358.9625744363984
13441,2188.8231099938207
13442,1183.0345055825478
13443,3795.869561495267
13444,1889.4137429928505
13445,786.1297197534138
13446,3770.4173350063375
13447,8602.476901971724
13448,11781.818972219759
13449,816.8091126534882
13450,3121.08775935048
13451,2255.75367941537
13452,9072.55126953125
13453,3038.38737734224
13454,6006.093667691159
13455,676.0297642299108
13456,525.0779432316623
13457,1908.628606092653
13458,1750.9190421806895
13459,3871.578331745693
13460,2166.739635554255
13461,1843.5386584912553
13462,2555.2063902877862
13463,820.9080584835539
13464,8346.883816367306
13465,1547.9808263320751
13466,7426.425000724569
13467,979.59452641383
13468,738.4753607244293
13469,1256.417239993658
13470,1199.8553614558627
13471,491.724649498813
13472,803.4807727028044
13473,841.7567470813705
13474,740.2038282973962
13475,4875.885425295726
13476,4527.832025128673
13477,769.1917895055327
13478,8492.785065348504
13479,16251.404677901312
13480,1887.0811416875836
13481,2446.1095236542697
13482,3024.107161699312
13483,2177.8597248713872
13484,841.2472127512007
